"DIRECTORATE OF TECHNICAL EDUCATION, MADHYA PRADESH"
LATERAL ENTRY B.TECH
VACANCY AFTER ALLOTMENT - FIRST ROUND 2025
BASED ON QUALIFYING EXAM,DATE: 07.08.2025
2,INSTITUTE NAME,INSTITUTE TYPE,BRANCH,TOTAL SEATS,TOTAL ALLOTMENT,REMAINING SEAT
vi
1,"Acropolis Institute of Technology & Research, Indore (2005)",Private CIVIL,6,3
2,"Acropolis Institute of Technology & Research, Indore (2005)",Private,CSE,24,24
3,"Acropolis Institute of Technology & Research, Indore (2005)",Private,ICSECS,5
4,"Acropolis Institute of Technology & Research, Indore (2005)",Private,CSEDS,6
5,"Acropolis Institute of Technology & Research, Indore (2005)",Private CEIL,6,1
6,"Acropolis Institute of Technology & Research, Indore (2005)",Private CSEIML,12,12
7,"Acropolis Institute of Technology & Research, Indore (2005)",Private CSIT,12,5,7
8,"Acropolis Institute of Technology & Research, Indore (2005)",Private,EC,6,0,6
9,"Acropolis Institute of Technology & Research, Indore 2005)",Private,ECACT,30,0,30
10,"Acropolis Institute of Technology & Research, Indore (2005)",Private,EEVDT,32,0,32
11,"Acropolis Institute of Technology & Research, Indore (2005)",Private,IT,12,7,5
12,"Acropolis Institute of Technology & Research, Indore (2005)",Private MECH,6,1
13,"ADINA INSTITUTE OF SCIENCE & TECHNOLOGY, SAGAR (2009)",Private,CIVIL
14,"ADINA INSTITUTE OF SCIENCE & TECHNOLOGY, SAGAR (2009)",Private,CSE,6
15,"ADINA INSTITUTE OF SCIENCE & TECHNOLOGY, SAGAR (2009)",Private,CSEAl
16,"ADINA INSTITUTE OF SCIENCE & TECHNOLOGY, SAGAR (2009)",Private,ELECT ELEX
17,"ADINA INSTITUTE OF SCIENCE & TECHNOLOGY, SAGAR (2009)",Private,MECH,6,6
18,"Aditya College of Technology & Science, Satna (2007)",private,AGRITECH,53,0,53
19,"Aditya College of Technology & Science, Satna (2007)",Private,AIML,59,2,57
20,"Aditya College of Technology & Science, Satna (2007)",Private,CIVIL,53,1,52
21,"Aditya College of Technology & Science, Satna (2007)",Private,CSE,17,1,16
22,"Aditya College of Technology & Science, Satna (2007)",private,ELECT ELEX,56,1,55
23,"Aditya College of Technology & Science, Satna (2007)",private,IFTS,62,5,57
24,"Aditya College of Technology & Science, Satna (2007)",Private,MECH,46,3,43
25,"Aditya College of Technology & Science, Satna (2007)",private,MINING,53,39,14
26,"All Saints College of Technology, Bhopal (2002)",Private,CIVIL,110,83,27
27,"All Saints College of Technology, Bhopal (2002)",Private CSE,16,16,0
28,"All Saints College of Technology, Bhopal (2002)",Private,lEc,57,5
29,"All Saints College of Technology, Bhopal (2002)",Private ELECT ELEX,36,22,14
30,"All Saints College of Technology, Bhopal (2002)",Private MECH,71 | 26,45
31,"Alpine Institute of Technology, Ujjain (2007)",Private,CIVIL,65,65
32,"Alpine Institute of Technology, Ujjain (2007)",Private,CSE,47,1,46
33,"Alpine Institute of Technology, Ujjain (2007)",Private EC,3
34,"Alpine Institute of Technology, Ujjain (2007)",private EE,65,10,55
35,"Alpine Institute of Technology, Ujjain (2007)",Private IT,3,0,3
36,"Alpine Institute of Technology, Ujjain (2007)",private MECH,65,3,62
"Annie Institute of Technology and Research Centre, Chhindwara"
37,private AUTO,3,3
(2013)
"Annie Institute of Technology and Research Centre, Chhindwara"
38,private CIVIL,46,2,44
(2013)
"Annie Institute of Technology and Research Centre, Chhindwara"
39,private CSE,12,3
(2013)
Page 1 of 28
"DIRECTORATE OF TECHNICAL EDUCATION, MADHYA PRADESH"
LATERAL ENTRY B.TECH
VACANCY AFTER ALLOTMENT - FIRST ROUND 2025
BASED ON QUALIFYING EXAM,DATE: 07.08.2025
2,INSTITUTE NAME,INSTITUTE TYPE,BRANCH,TOTAL SEATS,TOTAL ALLOTMENT,REMAINING SEAT
vi
40,"Annie Institute of Technology and Research Centre, Chhindwara",(2013),private EC,3,0,3
41,(2013),"Annie Institute of Technology and Research Centre, Chhindwara",private MECH,59,2,57
"42 Astral Institute of Technology & Research, Indore (2006)",Private CIVIL,46,1,45
"43 Astral Institute of Technology & Research, Indore (2006)",Private CSE,36,2,34
"44 Astral Institute of Technology & Research, Indore (2006)",Private EC,29,1,28
"45 Astral Institute of Technology & Research, Indore (2006)",Private IT,26,0,26
46,"Astral Institute of Technology & Research, Indore (2006)",Private MECH,52,2,50
47,"Babulal Tarabai Institute of Research & Technology, Sagar 2008)",Private CIVIL,46,0,46
48,"Babulal Tarabai Institute of Research & Technology, Sagar (2008)",Private CSE,15,15
49,"Babulal Tarabai Institute of Research & Technology, Sagar (2008)",Private CSECS,14,14
50,"Babulal Tarabai Institute of Research & Technology, Sagar (2008)",Private CSEIML,6,0,6
51,"Babulal Tarabai Institute of Research & Technology, Sagar 2008)",Private EC,6,0,6
52,"Babulal Tarabai Institute of Research & Technology, Sagar 2008)",Private ELECT ELEX,19,3,16
53,"Babulal Tarabai Institute of Research & Technology, Sagar (2008)",Private MECH,17,17
54,"BADERIA GLOBAL INSTITUTE OF ENGINEERING &amp; MANAGEMENT, Private CIVIL",3,3,0
JABALPUR
55,"BADERIA GLOBAL INSTITUTE OF ENGINEERING &amp; MANAGEMENT, Private CMPS",3,1,2
JABALPUR
56,"BADERIA GLOBAL INSTITUTE OF ENGINEERING &amp; MANAGEMENT, Private CSE",30 10 20
JABALPUR
57,"BADERIA GLOBAL INSTITUTE OF ENGINEERING &amp; MANAGEMENT, Private CSEDS",JABALPUR,9,0,9
58,"BADERIA GLOBAL INSTITUTE OF ENGINEERING &amp; MANAGEMENT, Private CSEIML",18,1,17
JABALPUR
59,"BADERIA GLOBAL INSTITUTE OF ENGINEERING &amp; MANAGEMENT, Private CSEITCS",3,3
JABALPUR
60,"BADERIA GLOBAL INSTITUTE OF ENGINEERING &amp; MANAGEMENT, Private EC",6,3,3
JABALPUR
61,"BADERIA GLOBAL INSTITUTE OF ENGINEERING &amp; MANAGEMENT, Private MECH",3,1,2
62,"Bagulamukhi College of Technology, Bhopal (2009)",Private CIVIL,61,14,47
63,"Bagulamukhi College of Technology, Bhopal (2009)",Private CSE,182,1,181
64,"Bagulamukhi College of Technology, Bhopal (2009)",private EE,28| 17,11
65,"Bagulamukhi College of Technology, Bhopal (2009)",Private MECH,65,4,61
Page 2 of 28
"DIRECTORATE OF TECHNICAL EDUCATION, MADHYA PRADESH"
LATERAL ENTRY B.TECH
VACANCY AFTER ALLOTMENT - FIRST ROUND 2025
BASED ON QUALIFYING EXAM,DATE: 07.08.2025
INSTITUTE NAME,INSTITUTE TYPE,BRANCH,TOTAL SEATS,TOTAL ALLOTMENT,REMAINING SEAT
66,"Bansal College of Engineering, Obedullaganj, Raisen (2002)",Private CIVIL,20,10,10
67,"Bansal College of Engineering, Obedullaganj, Raisen (2002)",Private,CSE,18,16,2
"Bansal College of Engineering, Obedullaganj, Raisen (2002)",Private,ICSEIML,6,3,3
"Bansal College of Engineering, Obedullaganj, Raisen (2002)",Private,EC,3,3,0
"Bansal College of Engineering, Obedullaganj, Raisen (2002)",Private ELECT ELEX,12,12,0
"Bansal College of Engineering, Obedullaganj, Raisen (2002)",Private MECH,3
72,"Bansal Institute of Research & Technology, Bhopal (2007)",Private CIVIL,3,0
73,"Bansal Institute of Research & Technology, Bhopal (2007)",Private,CSE,65,14,51
74,"Bansal Institute of Research & Technology, Bhopal (2007)",Private,CSEDS,12,0,12
75,"Bansal Institute of Research & Technology, Bhopal (2007)",Private,EC,3,3,0
76,"Bansal Institute of Research & Technology, Bhopal (2007)",Private,ELECT ELEX,11,6,5
77,"Bansal Institute of Research & Technology, Bhopal (2007)",Private,MECH,4,3
78,"Bansal Institute of Research Technology & Science, Bhopal (2008)",Private CIVIL,29 7,22
79,"Bansal Institute of Research Technology & Science, Bhopal (2008)",Private CSE,106 1 105
80,"Bansal Institute of Research Technology & Science, Bhopal (2008)",Private CSEDS,21,0,21
81,"Bansal Institute of Research Technology & Science, Bhopal (2008)",Private CSEIML,6,1,5
82,"Bansal Institute of Research Technology & Science, Bhopal (2008)",Private MECH,28,1,27
83,"Bansal Institute of Science & Technology, Bhopal (2000)",Private CIVIL,3,3,0
84,"Bansal Institute of Science & Technology, Bhopal (2000)",Private,CSE,18,13,5
85,"Bansal Institute of Science & Technology, Bhopal (2000)",Private,]CSEIML,6,1,5
86,"Bansal Institute of Science & Technology, Bhopal (2000)",Private,EC,3,3,0
87,"Bansal Institute of Science & Technology, Bhopal (2000)",Private ELECT ELEX,8
88,"Bansal Institute of Science & Technology, Bhopal (2000)",Private IT,4,2
89,"Bansal Institute of Science & Technology, Bhopal (2000)",Private MECH,3,1
90,"Bethesda Institute of Technology and Science, Gwalior (2011)",Private CIVIL,45,5,40
91,"Bethesda Institute of Technology and Science, Gwalior (2011)",Private CSE,45,45
92,"Bethesda Institute of Technology and Science, Gwalior (2011)",Private,Tec,56,3,53
93,"Bethesda Institute of Technology and Science, Gwalior (2011)",Private ELECT ELEX,56,6,50
94,"Bethesda Institute of Technology and Science, Gwalior (2011)",Private MECH,45 11,34
95,"BHOPAL INSTITUTE OF TECHNOLOGY & MANAGEMENT, BHOPAL",Private CSE,17 | 15,2
(2009)
"BHOPAL INSTITUTE OF TECHNOLOGY & MANAGEMENT, BHOPAL"
96,Private EC,31,31
(2009)
97,"BHOPAL INSTITUTE OF TECHNOLOGY & MANAGEMENT, BHOPAL",private ELECT ELEX,20 19,1
(2009)
98,"BHOPAL INSTITUTE OF TECHNOLOGY & MANAGEMENT, BHOPAL",Private MECH,26,26,0
(2009)
Page 3 of 28
"DIRECTORATE OF TECHNICAL EDUCATION, MADHYA PRADESH"
LATERAL ENTRY B.TECH
VACANCY AFTER ALLOTMENT - FIRST ROUND 2025
BASED ON QUALIFYING EXAM,DATE: 07.08.2025
INSTITUTE NAME,INSTITUTE TYPE,BRANCH,TOTAL SEATS,TOTAL ALLOTMENT,REMAINING SEAT
vi
99,"BHOPAL INSTITUTE OF TECHNOLOGY & SCIENCE, BHOPAL (2002)",private CIVIL,41,40,1
"100 BHOPAL INSTITUTE OF TECHNOLOGY & SCIENCE, BHOPAL (2002)",Private CSE,65,13,52
101,"BHOPAL INSTITUTE OF TECHNOLOGY & SCIENCE, BHOPAL (2002)",Private EC,29,17,12
"102 BHOPAL INSTITUTE OF TECHNOLOGY & SCIENCE, BHOPAL (2002)",Private ELECT ELEX,79,74,5
103,"BHOPAL INSTITUTE OF TECHNOLOGY & SCIENCE, BHOPAL (2002)",Private,MECH,87,36,51
104,"BHOPAL INSTITUTE OF TECHNOLOGY, BHOPAL (2007)",Private,CSE,54,2,52
105,"BHOPAL INSTITUTE OF TECHNOLOGY, BHOPAL (2007)",Private,EC,31,10,21
106,"BHOPAL INSTITUTE OF TECHNOLOGY, BHOPAL (2007)",Private,ELECT ELEX,85,60,25
107,"BHOPAL INSTITUTE OF TECHNOLOGY, BHOPAL (2007)",Private,MECH,92,27,65
108,"BM College of Technology, Indore (2007)",private,CIVIL,60,1,59
109,"BM College of Technology, Indore (2007)",Private,CSE,60,3,57
110,"BM College of Technology, Indore (2007)",Private,EC,32,2,30
111,"BM College of Technology, Indore (2007)",private,ELECT ELEX,30,4,26
112,"BM College of Technology, Indore (2007)",private,IT,31,31
113,"BM College of Technology, Indore (2007)",Private,MECH,124,6,118
114,"Chameli Devi Group of Institutions, Indore (2006)",Private,ALADS,6,1,5
115,"Chameli Devi Group of Institutions, Indore 2006)",Private,CIVIL,16,1,15
116,"Chameli Devi Group of Institutions, Indore (2006)",Private,CSE,18,12
117,"Chameli Devi Group of Institutions, Indore (2006)",Private,CSIT,22,22
118,"Chameli Devi Group of Institutions, Indore (2006)",Private,EC,10,10
119,"Chameli Devi Group of Institutions, Indore (2006)",Private,13,0,13
120,"Chameli Devi Group of Institutions, Indore (2006)",Private MECH,14,1,13
121,"Corporate Institute of Science & Technology, Bhopal (2008)",Private CIVIL,48 | 32,16
122,"Corporate Institute of Science & Technology, Bhopal (2008)",Private CSE,49,5,44
123,"Corporate Institute of Science & Technology, Bhopal (2008)",Private CSEIML,8,3,5
124,"Corporate Institute of Science & Technology, Bhopal (2008)",Private EC,30,2,28
125,"Corporate Institute of Science & Technology, Bhopal (2008)",Private ELECT ELEX,13,7,6
126,"Corporate Institute of Science & Technology, Bhopal (2008)",Private MECH,28,15,13
127,"DR. A.P.J. ABDUL KALAM UIT, JHABUA",S.F.I.,CSE,39,9,30
128,"DR. A.P.J. ABDUL KALAM UIT, JHABUA",S.F.I.,MECH,52,1,51
129,"DR. BHAGAT SINGH RAI INSTITUTE OF TECHNOLOGY, SEONI",Private AIML,6,0,6
130,"DR. BHAGAT SINGH RAI INSTITUTE OF TECHNOLOGY, SEONI",Private ARE,3,1,2
131,"DR. BHAGAT SINGH RAI INSTITUTE OF TECHNOLOGY, SEON",Private CSE,6,6,0
132,"DR. BHAGAT SINGH RAI INSTITUTE OF TECHNOLOGY, SEONI",Private CYSEC,6,6
133,"DR. BHAGAT SINGH RAI INSTITUTE OF TECHNOLOGY, SEONI",Private DS,6,• 00,6
134,"DR. BHAGAT SINGH RAI INSTITUTE OF TECHNOLOGY, SEONI",Private EE,6,6
135,"DR. BHAGAT SINGH RAI INSTITUTE OF TECHNOLOGY, SEON",Private MECH,3,3
Page 4 of 28
"DIRECTORATE OF TECHNICAL EDUCATION, MADHYA PRADESH"
LATERAL ENTRY B.TECH
VACANCY AFTER ALLOTMENT - FIRST ROUND 2025
BASED ON QUALIFYING EXAM,DATE: 07.08.2025
2,INSTITUTE NAME,INSTITUTE TYPE,BRANCH,TOTAL SEATS,TOTAL ALLOTMENT,REMAINING SEAT
vi
"Guru Ramdas Khalsa Institute of Science & Technology, Jabalpur"
136,Private AGE,39,0,39
(1997)
"137 (uru Ramidas khalsa Institute of science & Technology, babalpur",Private AlADS,3,0,3
"Guru Ramdas Khalsa Institute of Science & Technology, Jabalpur",Private,BIO-,3
138,(1997),3
TECHNOLOGY
"Guru Ramdas Khalsa Institute of Science & Technology, Jabalpur",Private CIVIL
139,3,1,2
(1997)
"Guru Ramdas Khalsa Institute of Science & Technology, Jabalpur"
140,Private CSE,28 3,25
(1997)
"Guru Ramdas Khalsa Institute of Science & Technology, Jabalpur"
141,Private ELECT ELEX,30,0,30
(1997)
"Guru Ramdas Khalsa Institute of Science & Technology, Jabalpur",25
142,Private MECH,27,2
(1997)
143,"Gwalior Institute of Information Technology, Gwalior (2008)",private CIVIL,6,6,0
144,"Gwalior Institute of Information Technology, Gwalior (2008)",Private CSE,6,6,0
145,"Gwalior Institute of Information Technology, Gwalior (2008)",Private EC,6,6,0
146,"Gwalior Institute of Information Technology, Gwalior (2008)",Private iT,6,6,0
147,"Gwalior Institute of Information Technology, Gwalior (2008)",private MECH,6,6,0
148,"Gyan Ganga College of Technology, Jabalpur (2006)",Private AIAIDS,1,5
149,"Gyan Ganga College of Technology, Jabalpur (2006)",Private CSE,18,2,16
150,"Gyan Ganga College of Technology, Jabalpur (2006)",Private CSEIML,3,3
151,"GYAN GANGA INSTITUTE OF TECHNOLOGY & SCIENCE, JABALPUR"
Private AIR,28,1,27
(2003)
"GYAN GANGA INSTITUTE OF TECHNOLOGY & SCIENCE, JABALPUR"
152,Private CIVIL,32 5,27
(2003)
"153 (YAN GANGA INSTITUTE OF TECHNOLOGY & SCIENCE, JABAIPUR",Private CBS,6,0,6
"GYAN GANGA INSTITUTE OF TECHNOLOGY & SCIENCE, JABALPUR"
154,Private CSE,30,5,25
(2003)
155,"GYAN GANGA INSTITUTE OF TECHNOLOGY & SCIENCE, JABALPUR",Private CSEDS,32,1,31
(2003)
156,"GYAN GANGA INSTITUTE OF TECHNOLOGY & SCIENCE, JABALPUR",(2003),Private CSEIML,18 2,16
"EVAN GANGA INSTITUTE OF TECHNGLOGY & SCIENCE, ARALPUR",Private CSEITCS,11,0,11
"GYAN GANGA INSTITUTE OF TECHNOLOGY & SCIENCE, JABALPUR"
158,Private EC,41,6,35
(2003)
159,"GYAN GANGA INSTITUTE OF TECHNOLOGY & SCIENCE, JABALPUR",Private EE,54,8,46
(2003)
"GYAN GANGA INSTITUTE OF TECHNOLOGY & SCIENCE, JABALPUR",6
160,Private ELECT ELEX,5,1
1(2003)
Page 5 of 28
"DIRECTORATE OF TECHNICAL EDUCATION, MADHYA PRADESH"
LATERAL ENTRY B.TECH
VACANCY AFTER ALLOTMENT - FIRST ROUND 2025
BASED ON QUALIFYING EXAM,DATE: 07.08.2025
INSTITUTE NAME,INSTITUTE TYPE,BRANCH,TOTAL SEATS,TOTAL ALLOTMENT,REMAINING SEAT
"GYAN GANGA INSTITUTE OF TECHNOLOGY & SCIENCE, JABALPUR"
161,42,6,36
(2003)
"162 Gyan Sagar College of Engineering, Sagar (2009)",6,6
"163 Gyan Sagar College of Engineering, Sagar (2009)",CSE,12,12
"164 Gyan Sagar College of Engineering, Sagar (2009)",00,6
"165 Gyan Sagar College of Engineering, Sagar (2009)",6
"166 Gyan Sagar College of Engineering, Sagar (2009)",6,6
"167 Hitkarni College of Engineering & Technology, Jabalpur (1997)",65,25,40
168,"Hitkarni College of Engineering & Technology, Jabalpur (1997)",CSE,55,12,43
169,"Hitkarni College of Engineering & Technology, Jabalpur (1997)",CSEDS,6,0,6
170,"Hitkarni College of Engineering & Technology, Jabalpur (1997)",CSEIML,31,4,27
171,"Hitkarni College of Engineering & Technology, Jabalpur (1997)",Private,EC,32,16,16
172,"Hitkarni College of Engineering & Technology, Jabalpur (1997)",Private,ELECT ELEX,58,58,0
173,"Hitkarni College of Engineering & Technology, Jabalpur (1997)",Private,IT,65,1,64
174,"Hitkarni College of Engineering & Technology, Jabalpur (1997)",Private,MECH,62,28,34
175,"IASSCOM fortune Institute of Technology, Bhopal (2008)",Private,CIVIL,6
176,"IASSCOM fortune Institute of Technology, Bhopal (2008)",Private,CSE,6
177,"IASSCOM fortune Institute of Technology, Bhopal (2008)",Private,EC,• 00
178,"IASSCOM fortune Institute of Technology, Bhopal (2008)",Private,MECH,6
179,"IES COLLEGE OF TECHNOLOGY, BHOPAL 2007)",Private,AlAIDS,18,0,18
180,"IES COLLEGE OF TECHNOLOGY, BHOPAL (2007)",Private,CIVIL,53,23,30
181,"LIES COLLEGE OF TECHNOLOGY, BHOPAL (2007)",Private,CSBS,3,0,3
182,"IES COLLEGE OF TECHNOLOGY, BHOPAL (2007)",Private,CSE,18,5,13
183,"IES COLLEGE OF TECHNOLOGY, BHOPAL (2007)",Private,CSECS,36,1,35
184,"IES COLLEGE OF TECHNOLOGY, BHOPAL (2007)",Private,CSEDS,82,82
185,"IES COLLEGE OF TECHNOLOGY, BHOPAL (2007)",Private,|CSEIML,27,3,24
186,"LIES COLLEGE OF TECHNOLOGY, BHOPAL (2007)",Private EC,19,7,12
187,"LIES COLLEGE OF TECHNOLOGY, BHOPAL (2007)",Private ELECT ELEX,52| 30,22
188,"IES COLLEGE OF TECHNOLOGY, BHOPAL (2007)",Private MECH,48,19,29
189,"Indira Gandhi Engineering College, Sagar (IGEC) (1981)",GOVT,CIVIL,6,6,0
190,"Indira Gandhi Engineering College, Sagar (IGEC) (1981)",GOVT EC,1
191,"Indira Gandhi Engineering College, Sagar (IGEC) (1981)",GOVT EE,6,6,0
192,"[Indira Gandhi Engineering College, Sagar (IGEC) (1981)",GOVT IT,6,6
193,"Indira Gandhi Engineering College, Sagar (IGEC) (1981)",GOVT MECH,6,3,3
194,"Indore Institute of Science & Technology, Indore (2003)",Private AIML,18,1,17
195,"Indore Institute of Science & Technology, Indore (2003)",Private AIR,3,0,3
196,"Indore Institute of Science & Technology, Indore (2003)",Private CIVIL,3,1,2
197,"Indore Institute of Science & Technology, Indore 2003)",Private,CSE,30,11,19
198,"Indore Institute of Science & Technology, Indore (2003)",Private,CSEDS,6,2,4
00
199,"Indore Institute of Science & Technology, Indore 2003)",Private EC,6
200,"Indore Institute of Science & Technology, Indore (2003)",Private ECS,6
201,"Indore Institute of Science & Technology, Indore (2003)",Private IT,6,0,6
"202 Indore Institute of Science & Technology, Indore 2003)",Private MECH,3,1,2
Page 6 of 28
"DIRECTORATE OF TECHNICAL EDUCATION, MADHYA PRADESH"
LATERAL ENTRY B.TECH
VACANCY AFTER ALLOTMENT - FIRST ROUND 2025
BASED ON QUALIFYING EXAM,DATE: 07.08.2025
INSTITUTE NAME,INSTITUTE TYPE,BRANCH,TOTAL SEATS,TOTAL ALLOTMENT,REMAINING SEAT
"203 Infinity Management & Engineering College, Sagar (2008)",Private AIML,42,0,42
"204 Infinity Management & Engineering College, Sagar (2008)",Private CIVIL,52,46
"205 Infinity Management & Engineering College, Sagar (2008)",Private,CSE,16,1,15
206,"Infinity Management & Engineering College, Sagar (2008)",Private EC,27,27
"207 Infinity Management & Engineering College, Sagar (2008)",Private EE,23,4,19
"208 Infinity Management & Engineering College, Sagar (2008)",Private MECH,56,1,55
"209 Institute of Engineering and Technology, DAVV, Indore (1996)",S.F.I.,CIVIL,6,6,0
"210 Institute of Engineering and Technology, DAVV, Indore (1996)",S.F.I.,CSE,12 12,0
211,"Institute of Engineering and Technology, DAVV, Indore (1996)",S.F.I.,El,6,6
212,"Institute of Engineering and Technology, DAVV, Indore 1996)",S.F.I.,ET,12,12,0
213,"Institute of Engineering and Technology, DAVV, Indore (1996)",S.F.l.,IT,12,12,0
214,"Institute of Engineering and Technology, DAVV, Indore 1996)",|S.F.I.,MECH,6,6
215,"INSTITUTE OF ENGINEERING JIWAJI UNIVERSITY, GWALIOR (1996)",S.F.I CHEM,43 1,42
216,"INSTITUTE OF ENGINEERING JIWAJI UNIVERSITY, GWALIOR (1996)",S.E.I.,CSE,6,6,0
217,"INSTITUTE OF ENGINEERING JIWAJI UNIVERSITY, GWALIOR (1996)",S.F.I. EL,28,27
218,"INSTITUTE OF TECHNOLOGY AND MANAGEMENT, GWALIOR (1997)",Private CIVIL,3,3
219,"INSTITUTE OF TECHNOLOGY AND MANAGEMENT, GWALIOR (1997)",Private CSE,24,7,17
220,"INSTITUTE OF TECHNOLOGY AND MANAGEMENT, GWALIOR 1997)",Private SECS,3,0,3
221,"INSTITUTE OF TECHNOLOGY AND MANAGEMENT, GWALIOR (1997) Private CSEDS",9,0,9
"222 INSTITUTE OF TECHNOLOGY AND MANAGEMENT, GWALIOR (1997)",Private CSEIML,9,0,9
"223 INSTITUTE OF TECHNOLOGY AND MANAGEMENT, GWALIOR (1997)",Private CSEIOT,6,6
224,"INSTITUTE OF TECHNOLOGY AND MANAGEMENT, GWALIOR (1997)",Private EC,6,0,6
225,"INSTITUTE OF TECHNOLOGY AND MANAGEMENT, GWALIOR 1997)",Private IT,12,0,12
226,"INSTITUTE OF TECHNOLOGY AND MANAGEMENT, GWALIOR 1997)",Private MECH,3,1,2
227,"IS Academy Institute of Engineering and Science, Indore Off Campus- Private AIML",1,5
228,"IPS Academy Institute of Engineering and Science, Indore Off Campus- Private CEng",6
229,"IPS Academy Institute of Engineering and Science, Indore Off Campus- Private CSE",18,0,18
Page 7 of 28
"DIRECTORATE OF TECHNICAL EDUCATION, MADHYA PRADESH"
LATERAL ENTRY B.TECH
VACANCY AFTER ALLOTMENT - FIRST ROUND 2025
BASED ON QUALIFYING EXAM,DATE: 07.08.2025
INSTITUTE NAME,INSTITUTE TYPE,BRANCH,TOTAL SEATS,TOTAL ALLOTMENT,REMAINING SEAT
vi
230,"IPS Academy Institute of Engineering and Science, Indore Off Campus- Private CSIT",6,0,6
"231 IPS Academy, Institute of Engineering and Science, Indore (1999)",Private CHEM,10,2,8
"232 IPS Academy, Institute of Engineering and Science, Indore (1999)",Private CIVIL,26,1,25
"233 IPS Academy, Institute of Engineering and Science, Indore (1999)",Private CSE,30 11 19
234,"IPS Academy, Institute of Engineering and Science, Indore (1999)",Private CSEDS,12,12
235,"IPS Academy, Institute of Engineering and Science, Indore 1999)",Private CSEIML,18,1,17
236,"IPS Academy, Institute of Engineering and Science, Indore (1999)",Private CSEIOT,12,10
237,"IPS Academy, Institute of Engineering and Science, Indore (1999)",Private CSEITCS,6,0,6
238,"IPS Academy, Institute of Engineering and Science, Indore (1999)",Private CSERC,63,3,60
239,"IPS Academy, Institute of Engineering and Science, Indore 1999)",Private CSIT,24,0,24
240,"IPS Academy, Institute of Engineering and Science, Indore (1999)",Private EC,4,2,2
241,"IPS Academy, Institute of Engineering and Science, Indore 1999)",Private ELECT ELEX,13,0,13
242,"IPS Academy, Institute of Engineering and Science, Indore 1999)",Private FTS,12,7
243,"IPS Academy, Institute of Engineering and Science, Indore (1999)",Private MECH,4,3,1
244,"IPS College of Technology & Management, Gwalior (2007)",private CIVIL,46,0,46
245,"IPS College of Technology & Management, Gwalior (2007)",Private CSE,12,2,10
246,"IPS College of Technology & Management, Gwalior (2007)",Private EC,21,21
247,"IPS College of Technology & Management, Gwalior (2007)",Private EE,41,2,39
248,"IPS College of Technology & Management, Gwalior (2007)",Private MECH,36,1,35
249,"JABALPUR ENGINEERING COLLEGE, JABALPUR, (JEC) (1947)",GOVT,AlAIDS,6,6
250,"JABALPUR ENGINEERING COLLEGE, JABALPUR, (JEC) (1947)",GOVT,CIVIL,6
251,"JABALPUR ENGINEERING COLLEGE, JABALPUR, (JEC) (1947)",GOVT,CSE,9,0
252,"JABALPUR ENGINEERING COLLEGE, JABALPUR, (JEC) (1947)",GOVT,EC
253,"JABALPUR ENGINEERING COLLEGE, JABALPUR, (JEC) (1947)",GOVT EE,0
254,"JABALPUR ENGINEERING COLLEGE, JABALPUR, (JEC) (1947)",GOVT IP,9,6
255,"JABALPUR ENGINEERING COLLEGE, JABALPUR, (JEC) (1947)",GOVT IT,9,0
256,"JABALPUR ENGINEERING COLLEGE, JABALPUR, (JEC) (1947)",GOVT,MECH,8,0
257,"JABALPUR ENGINEERING COLLEGE, JABALPUR, (JEC) (1947)",GOVT,IMTENG,6
"258 Jai Narain College of Technology, Bhopal (2003)",Private AlAIDS,8,0,8
Page 8 of 28
"DIRECTORATE OF TECHNICAL EDUCATION, MADHYA PRADESH"
LATERAL ENTRY B.TECH
VACANCY AFTER ALLOTMENT - FIRST ROUND 2025
BASED ON QUALIFYING EXAM,DATE: 07.08.2025
INSTITUTE NAME,INSTITUTE TYPE,BRANCH,TOTAL SEATS,TOTAL ALLOTMENT,REMAINING SEAT
vi
"Jai Narain College of Technology, Bhopal (2003)",Private AIML,22,22
260,"Jai Narain College of Technology, Bhopal (2003)",Private,CSE,24,17
261,"Jai Narain College of Technology, Bhopal (2003)",Private EC,3
262,"Jai Narain College of Technology, Bhopal (2003)",Private ELECT ELEX,3,3
263,"Jai Narain College of Technology, Bhopal (2003)",Private MECH,16,16
"264 Jawaharlal Institute of Technology, Borawan, Khargone (1997)",Private AGE,11,0,11
"265 Jawaharlal Institute of Technology, Borawan, Khargone (1997)",Private CIVIL,53,5,48
"266 Jawaharlal Institute of Technology, Borawan, Khargone (1997)",Private CSE,18,13,5
267,"Jawaharlal Institute of Technology, Borawan, Khargone (1997)",Private EC,44,1,43
268,"Jawaharlal Institute of Technology, Borawan, Khargone (1997)",Private ELECT ELEX,51,19,32
269,"Jawaharlal Institute of Technology, Borawan, Khargone (1997)",Private iT,6,0,6
270,"Jawaharlal Institute of Technology, Borawan, Khargone (1997)",Private MECH,50,4,46
271,"Jawaharlal Nehru College of Technology, Rewa (2007)",private CIVIL,104| 10,94
272,"Jawaharlal Nehru College of Technology, Rewa (2007)",Private CSE,9,3,6
273,"Jawaharlal Nehru College of Technology, Rewa (2007)",Private EC,43,1,42
274,"Jawaharlal Nehru College of Technology, Rewa (2007)",Private ELECT ELEX,44,8,36
275,"Jawaharlal Nehru College of Technology, Rewa (2007)",Private MECH,87,12
276,"Jawaharlal Nehru College of Technology, Rewa (2007)",private MINING,53,53
"Kailash Narayan Patidar College of Science & Technology, Bhopal",22
277,private CIVIL,62
(2008)
"Kailash Narayan Patidar College of Science & Technology, Bhopal",51
278,Private CSE,55,4
(2008)
279,"Kailash Narayan Patidar College of Science & Technology, Bhopal",62 11 51
Private EC
(2008)
280,"Kailash Narayan Patidar College of Science & Technology, Bhopal",56
private EE,59,3
(2008)
"281 Kailash Narayan Patidar College of Science & Technology, Bhopal",Private MECH,91 12 79
(2008)
"282 Lakshmi Narain College of Technology & Science (RIT), Indore (2002) Private CIVIL",30,0,30
283,"Lakshmi Narain College of Technology & Science (RIT), Indore (2002)",Private CSE,94,5,89
284,"Lakshmi Narain College of Technology & Science (RIT), Indore (2002) Private EC",3,0,3
285,"Lakshmi Narain College of Technology & Science (RIT), Indore (2002)",Private MECH,32,32
286,"Lakshmi Narain College of Technology & Science, Bhopal (2006)",Private CIVIL,21,1,20
"287 Lakshmi Narain College of Technology & Science, Bhopal (2006)",Private CSE,18 14,4
288,"Lakshmi Narain College of Technology & Science, Bhopal (2006)",Private CSECS,12,1,11
Page 9 of 28
"DIRECTORATE OF TECHNICAL EDUCATION, MADHYA PRADESH"
LATERAL ENTRY B.TECH
VACANCY AFTER ALLOTMENT - FIRST ROUND 2025
BASED ON QUALIFYING EXAM,DATE: 07.08.2025
INSTITUTE NAME,INSTITUTE TYPE,BRANCH,TOTAL SEATS,TOTAL ALLOTMENT,REMAINING SEAT
vi
"289 Lakshmi Narain College of Technology & Science, Bhopal (2006)",Private CSEIML,18,2,16
"290 Lakshmi Narain College of Technology & Science, Bhopal (2006)",Private EC,3,1,2
291,"Lakshmi Narain College of Technology Excellence, Bhopal (2007)",Private CSE,18,7,11
"292 Lakshmi Narain College of Technology Excellence, Bhopal (2007)",Private CSEDS,12,4,8
293,"Lakshmi Narain College of Technology Excellence, Bhopal (2007)",Private CSEIML,12 | 1,11
294,"Lakshmi Narain College of Technology Excellence, Bhopal (2007)",Private EC,3,0,3
295,"Lakshmi Narain College of Technology Excellence, Bhopal (2007)",Private ECACT,46 0,46
296,"Lakshmi Narain College of Technology Excellence, Bhopal (2007)",Private MECH,25 2,23
297,"Lakshmi Narain College of Technology, Bhopal (1994)",Private AlADS,18 | 9,9
298,"Lakshmi Narain College of Technology, Bhopal (1994)",Private CIVIL,6,15,1
299,"Lakshmi Narain College of Technology, Bhopal (1994)",Private CSE,36 36,0
300,"Lakshmi Narain College of Technology, Bhopal 1994)",Private CSEIML,36 | 36
301,"Lakshmi Narain College of Technology, Bhopal (1994)",Private EC,18,13,15
302,"Lakshmi Narain College of Technology, Bhopal (1994)",Private ECACT,6,1,5
303,"Lakshmi Narain College of Technology, Bhopal (1994)",Private ELECT ELEX,6,5,1
304,"Lakshmi Narain College of Technology, Bhopal (1994)",Private,MECH,12 | 12,0
305,"Lakshmi Narain College of Technology, Indore 2004)",Private,CSE,92,3,89
306,"Lakshmi Narain College of Technology, Indore (2004)",Private EC,32,32
307,"Lakshmi Narain College of Technology, Indore (2004)",Private ELECT ELEX,32,32
308,"Lakshmi Narain College of Technology, Indore (2004)",Private IT,26,1,25
309,"Lakshmi Narain College of Technology, Indore (2004)",Private MECH,30,0,30
310,"Lakshmi Narain College of Technology, Jabalpur (2008)",Private CIVIL,62,4,58
311,"Lakshmi Narain College of Technology, Jabalpur (2008)",Private,CSE,51,1,50
312,"Lakshmi Narain College of Technology, Jabalpur (2008)",Private,ECSEIML,6,0,6
313,"Lakshmi Narain College of Technology, Jabalpur (2008)",Private MECH,65,2,63
314,"Lakshmi Narain College of Technology, Jabalpur (2008)",Private MMP,54,1,53
315,"LAXMIPATI INSTITUTE OF SCIENCE & TECHNOLOGY, BHOPAL (2008)",private CIVIL,64 10 54
316,"LAXMIPATI INSTITUTE OF SCIENCE & TECHNOLOGY, BHOPAL (2008)",Private CSE,49,3,46
"317 LAXMIPATI INSTITUTE OF SCIENCE & TECHNOLOGY, BHOPAL (2008)",Private EC,31,0,31
318,"LAXMIPATI INSTITUTE OF SCIENCE & TECHNOLOGY, BHOPAL (2008)",Private ELECT ELEX,64,12,52
Page 10 of 28
"DIRECTORATE OF TECHNICAL EDUCATION, MADHYA PRADESH"
LATERAL ENTRY B.TECH
VACANCY AFTER ALLOTMENT - FIRST ROUND 2025
BASED ON QUALIFYING EXAM,DATE: 07.08.2025
INSTITUTE NAME,INSTITUTE TYPE,BRANCH,TOTAL SEATS,TOTAL ALLOTMENT,REMAINING SEAT
"319 LAXMIPATI INSTITUTE OF SCIENCE & TECHNOLOGY, BHOPAL (2008)",Private MECH,65,10 | 55
320 LNCT (BHOPAL) INDORE CAMPUS (2006),Private,CIVIL,59
321 LNCT (BHOPAL) INDORE CAMPUS (2006),Private,CSE,113,5,108
322 LNCT (BHOPAL) INDORE CAMPUS (2006),Private EC,27,4,23
323 LNCT (BHOPAL) INDORE CAMPUS (2006),[private MECH,23,5,18
324 University),"Madhav Institute of Technology and Science, Gwalior (1957) (Deemed GOVT AI",6,6,0
325,"Madhav Institute of Technology and Science, Gwalior (1957) (Deemed GOVT AIAIDS",6,6,0
University)
326,"Madhav Institute of Technology and Science, Gwalior (1957) (Deemed GOVT",AIML,6,6,0
University)
"Madhav Institute of Technology and Science, Gwalior (1957) (Deemed"
327,GOVT CHEM,48,4,44
University)
"Madhav Institute of Technology and Science, Gwalior (1957) (Deemed"
328,GOVT,CIVIL,39 | 15,: 24
University)
"Madhav Institute of Technology and Science, Gwalior (1957) (Deemed",1
329,GOVT,CSBS,6,5
University)
"Madhav Institute of Technology and Science, Gwalior (1957) (Deemed",GOVT
330,CSD,6,6,0
University)
331,"Madhav Institute of Technology and Science, Gwalior (1957) (Deemed GOVT CSE",12 | 12,0
University
"Madhav Institute of Technology and Science, Gwalior (1957) (Deemed"
332,GOVTEE,53 12 41
University
"Madhav Institute of Technology and Science, Gwalior (1957) (Deemed"
333,GOVT EElOT,19,0,19
University)
"334 Mavery Institute of Technology and science, walior (1957) (Deemied GOVT EL",12,12
Electronics and
335,"Madhav Institute of Technology and Science, Gwalior (1957) (Deemed GOVT",Telecommunicati 12,12
University)
ons
"Madhav Institute of Technology and Science, Gwalior (1957) (Deemed"
336,GOVT IT,12| 12,0
University)
337,"Madhav Institute of Technology and Science, Gwalior (1957) (Deemed GOVT ITAIAR",6,0
University)
338,"Madhav Institute of Technology and Science, Gwalior (1957) (Deemed GOVT ITIOT",6,6,0
University)
"Madhav Institute of Technology and Science, Gwalior (1957) (Deemed",11
339,GOVT MAC,12,1
University)
340,"Madhav Institute of Technology and Science, Gwalior (1957) (Deemed GOVT MECH",66 14 52
University)
"341 Mahakal Institute Technology & Management, Ujjain (2007)",Private CIVIL,3,3,0
"342 Mahakal Institute Technology & Management, Ujjain (2007)",Private CSE,12,3,9
Page 11 of 28
"DIRECTORATE OF TECHNICAL EDUCATION, MADHYA PRADESH"
LATERAL ENTRY B.TECH
VACANCY AFTER ALLOTMENT - FIRST ROUND 2025
BASED ON QUALIFYING EXAM,DATE: 07.08.2025
INSTITUTE NAME,INSTITUTE TYPE,BRANCH,TOTAL SEATS,TOTAL ALLOTMENT,REMAINING SEAT
vi
"343 Mahakal Instute of Technology, Ujjain (2001)",Private AlAIDS,6,6
"344 Mahakal Instute of Technology, Ujjain (2001)",Private CIVIL,3
"345 Mahakal Instute of Technology, Ujjain (2001)",Private,CSE,18,6,12
"346 Mahakal Instute of Technology, Ujjain (2001)",Private,EC,3,3
"347 Mahakal Instute of Technology, Ujjain (2001)",Private ELECT ELEX
"348 Mahakal Instute of Technology, Ujjain (2001)",Private IT,6
"349 Mahakal Instute of Technology, Ujjain (2001)",Private MECH,1,5
"350 Maharana Pratap College of Technology, Gwalior (1996)",Private CIVIL,61,3,58
351,"Maharana Pratap College of Technology, Gwalior (1996)",Private,CSE,6,2
352,"Maharana Pratap College of Technology, Gwalior (1996)",Private,EC,20,0,20
353,"Maharana Pratap College of Technology, Gwalior (1996)",Private,EE,30,13,17
354,"Maharana Pratap College of Technology, Gwalior (1996)",Private,LIT,3,3
355,"Maharana Pratap College of Technology, Gwalior (1996)",Private,MECH,46,8,38
356,"Malwa Institute of Science & Technology, Indore (2008)",Private,CIVIL,36,36
357,"Malwa Institute of Science & Technology, Indore (2008)",Private,CSE,12,0,12
358,"Malwa Institute of Science & Technology, Indore (2008)",Private,EC,36,0,36
359,"Malwa Institute of Science & Technology, Indore (2008)",Private,IT,21,0,21
360,"Malwa Institute of Science & Technology, Indore (2008)",Private,MECH,36,0,36
361,"Malwa Institute of Technology, Indore (2004)",Private,AIML,3,0,3
362,"Malwa Institute of Technology, Indore (2004)",Private,AUTO,25,0,25
363,"Malwa Institute of Technology, Indore (2004)",Private,CIVIL,18,18
364,"Malwa Institute of Technology, Indore (2004)",Private,CSE,73,3,70
365,"Malwa Institute of Technology, Indore (2004)",Private,EC,41,3,38
366,"Malwa Institute of Technology, Indore (2004)",Private,ELECT ELEX,56,13,43
367,"Malwa Institute of Technology, Indore (2004)",Private,IT,31,31
368,"Malwa Institute of Technology, Indore (2004)",Private,MECH,41,2,39
369,"Mathura Devi Institute of Technology & Management, Indore (2007)",Private CIvIL,3,3
370,"Mathura Devi Institute of Technology & Management, Indore (2007) Private CSE",48|,1,47
371,"Mathura Devi Institute of Technology & Management, Indore (2007)",Private MECH,3,2,1
372,"Millenium Institute of Technology and Science, Bhopal (2007)",Private AIML,19,2,17
373,"Millenium Institute of Technology and Science, Bhopal (2007)",Private CIVIL,65,61,4
374,"Millenium Institute of Technology and Science, Bhopal (2007)",Private CSE,77,73,4
375,"Millenium Institute of Technology and Science, Bhopal (2007)",Private EC,97| 35,62
376,"Millenium Institute of Technology and Science, Bhopal (2007)",Private ELECT ELEX,69,63,6
377,"Millenium Institute of Technology and Science, Bhopal (2007)",private MECH,98,63,35
378,"Millenium Institute of Technology, Bhopal (2009)",Private AlADS,28,0,28
379,"Millenium Institute of Technology, Bhopal (2009)",Private AME,23,0,23
380,"Millenium Institute of Technology, Bhopal (2009)",private,CIVIL,98,93,5
381,"Millenium Institute of Technology, Bhopal (2009)",Private CSE,98,8,90
382,"Millenium Institute of Technology, Bhopal (2009)",Private MECH,38 26,/ 12
Page 12 of 28
"DIRECTORATE OF TECHNICAL EDUCATION, MADHYA PRADESH"
LATERAL ENTRY B.TECH
VACANCY AFTER ALLOTMENT - FIRST ROUND 2025
BASED ON QUALIFYING EXAM,DATE: 07.08.2025
2,INSTITUTE NAME,INSTITUTE TYPE,BRANCH,TOTAL SEATS,TOTAL ALLOTMENT,REMAINING SEAT
vi
383,"MITTAL INSTITUTE OF TECHNOLOGY, BHOPAL (2007)",private CIVIL,35| 34
384,"MITTAL INSTITUTE OF TECHNOLOGY, BHOPAL (2007)",Private,CSE,11,10
385,"MITTAL INSTITUTE OF TECHNOLOGY, BHOPAL (2007)",Private EC,12,1,11
386,"MITTAL INSTITUTE OF TECHNOLOGY, BHOPAL (2007)",private EE,27,27
387,"MITTAL INSTITUTE OF TECHNOLOGY, BHOPAL (2007)",Private MECH,56,15,41
388,"Nagaji Institute of Technology & Management, Gwalior (2003)",Private CIVIL,3,0,3
389,"Nagaji Institute of Technology & Management, Gwalior (2003)",Private CSE,4
"390 Nagaji Institute of Technology & Management, Gwalior (2003)",Private EC,0,6
391,"Nagaji Institute of Technology & Management, Gwalior (2003)",Private EE,3,0,3
392,"Nagaji Institute of Technology & Management, Gwalior (2003)",Private IT,3,3
393,"Nagaji Institute of Technology & Management, Gwalior (2003)",Private MECH,3,0,3
394,"Nowgong Engineering College, Nowgong (NEC) (2012)",GOVT,CIVIL,50,3,47
395,"Nowgong Engineering College, Nowgong (NEC) (2012)",GOVT,]MECH,54,1,53
396,"NRI Institute of Information Science & Technology, Bhopal (2001)",Private CIVIL,55,8,47
397,"NRI Institute of Information Science & Technology, Bhopal (2001)",Private CSE,56,4,52
398,"NRI Institute of Information Science & Technology, Bhopal (2001)",Private CSEIML,19,19
399,"NRI Institute of Information Science & Technology, Bhopal (2001)",Private CSIT,6,6
400,"NRI Institute of Information Science & Technology, Bhopal (2001)",Private EC,53 8,45
401,"NRI Institute of Information Science & Technology, Bhopal (2001)",Private ELECT ELEX,19| 14,15
402,"NRI Institute of Information Science & Technology, Bhopal (2001)",Private IT,56 2 54
403,"NRI Institute of Information Science & Technology, Bhopal (2001)",Private MECH,25,3,22
404,"NRI Institute of Research & Technology, Bhopal (2008)",private CIVIL,28,9,19
405,"NRI Institute of Research & Technology, Bhopal (2008)",Private,CSE,108,/ 4,104
406,"NRI Institute of Research & Technology, Bhopal (2008)",Private,]CSECS,51,0,51
407,"NRI Institute of Research & Technology, Bhopal (2008)",private EE,57,25,32
408,"NRI Institute of Research & Technology, Bhopal (2008)",private MECH,30 | 12,18
409,"NRI Institute of Research & Technology, Bhopal (2008)",Private MINING,113| 73,40
"410 Oriental College of Technology, Bhopal (2002)",Private CIVIL,18| 15,3
"411 Oriental College of Technology, Bhopal (2002)",Private,CSE,63 | 31,32
"412 Oriental College of Technology, Bhopal (2002)",Private,CSECS,24,1,23
413,"Oriental College of Technology, Bhopal (2002)",Private,CSEDS,62,0,62
"414 Oriental College of Technology, Bhopal (2002)",Private,TCSEIML,73,10 | 63
"415 Oriental College of Technology, Bhopal (2002)",Private EC,35,1,34
"416 Oriental College of Technology, Bhopal (2002)",Private ELECT ELEX,27 15,12
"417 Oriental College of Technology, Bhopal (2002)",Private MECH,22 |14,8
Page 13 of 28
"DIRECTORATE OF TECHNICAL EDUCATION, MADHYA PRADESH"
LATERAL ENTRY B.TECH
VACANCY AFTER ALLOTMENT - FIRST ROUND 2025
BASED ON QUALIFYING EXAM,DATE: 07.08.2025
INSTITUTE NAME,INSTITUTE TYPE,BRANCH,TOTAL SEATS,TOTAL ALLOTMENT,REMAINING SEAT
vi
"418 Oriental Institute of Science & Technology, Bhopal (1995)",Private CIVIL,0
"419 Oriental Institute of Science & Technology, Bhopal (1995)",Private,6,6
"420 Oriental Institute of Science & Technology, Bhopal (1995)",Private,CSE,36,8,28
"421 Oriental Institute of Science & Technology, Bhopal (1995)",Private,CSEDS,18,3,15
"422 Oriental Institute of Science & Technology, Bhopal (1995)",Private CSEIML,18,5,13
"423 Oriental Institute of Science & Technology, Bhopal (1995)",Private EC,12,1,11
"424 Oriental Institute of Science & Technology, Bhopal (1995)",Private ELECT ELEX,12,1,11
"425 Oriental Institute of Science & Technology, Bhopal (1995)",Private IT,16,1,15
426,"Oriental Institute of Science & Technology, Bhopal (1995)",Private MECH,6,1,5
427,"PATEL COLLEGE OF SCIENCE & TECHNOLOGY, BHOPAL (2002)",Private,CSE,12,4,8
428,"PATEL COLLEGE OF SCIENCE & TECHNOLOGY, BHOPAL (2002)",Private,(SEDS,6
429,"PATEL COLLEGE OF SCIENCE & TECHNOLOGY, BHOPAL (2002)",Private CSEIML,6
430,"PATEL COLLEGE OF SCIENCE & TECHNOLOGY, BHOPAL (2002)",Private,EC,0,6
431,"PATEL COLLEGE OF SCIENCE & TECHNOLOGY, BHOPAL (2002)",Private,MECH,6
432,"PATEL COLLEGE OF SCIENCE & TECHNOLOGY, INDORE (2005)",Private CIVIL,57,4,53
433,"PATEL COLLEGE OF SCIENCE & TECHNOLOGY, INDORE (2005)",Private,CSE,83,3,80
434,"PATEL COLLEGE OF SCIENCE & TECHNOLOGY, INDORE (2005)",Private,ICSEIML,21,0,21
435,"PATEL COLLEGE OF SCIENCE & TECHNOLOGY, INDORE (2005)",Private,CSEITCS,6,5
436,"PATEL COLLEGE OF SCIENCE & TECHNOLOGY, INDORE (2005)",Private,EC,6,1,5
437,"PATEL COLLEGE OF SCIENCE & TECHNOLOGY, INDORE 2005)",Private,MECH,59,20,39
438,"Prashantee Institute of Technology & Science, Ujjain (2008)",Private AlAIDS,6,6
439,"Prashantee Institute of Technology & Science, Ujjain (2008)",private,CIVIL,6,2,4
440,"Prashantee Institute of Technology & Science, Ujjain (2008)",Private,CSE,9,2
441,"Prashantee Institute of Technology & Science, Ujjain (2008)",Private,EC,3
442,"Prashantee Institute of Technology & Science, Ujjain (2008)",Private,MECH,6,1
"Prestige Institute of Engineering Management and Research, Indore"
443,Private AlADS,6,3,3
1(2008)
"Prestige Institute of Engineering Management and Research, Indore"
444,(2008),Private ARE,6,2,4
445,"Prestige Institute of Engineering Management and Research, Indore",Private CEWCA,4,0,4
(2008)
446,"Prestige Institute of Engineering Management and Research, Indore",private CIVIL,12,12
(2008)
447,"Prestige Institute of Engineering Management and Research, Indore",(2008),Private CSE,18,9,9
"Prestige Institute of Engineering Management and Research, Indore",6,6
448,Private CSEITCS,0
(2008)
"Prestige Institute of Engineering Management and Research, Indore"
449,Private EAPE,19,0,19
(2008)
450,"Prestige Institute of Engineering Management and Research, Indore",Private EC,0,6
(2008)
"Prestige Institute of Engineering Management and Research, Indore"
451,200),private Ee,4,1,3
Page 14 of 28
"DIRECTORATE OF TECHNICAL EDUCATION, MADHYA PRADESH"
LATERAL ENTRY B.TECH
VACANCY AFTER ALLOTMENT - FIRST ROUND 2025
BASED ON QUALIFYING EXAM,DATE: 07.08.2025
INSTITUTE NAME,INSTITUTE TYPE,BRANCH,TOTAL SEATS,TOTAL ALLOTMENT,REMAINING SEAT
vi
"452 Prestige Institute of Engineering Management and Research, Indore",Private LG,3,0,3
(2008)
"453 Presige Institute of Engineering Management and Research, Indore",private MECH,5,2,3
"454 PRESTIGE INSTITUTE OF MANAGEMENT AND RESEARCH, BHOPAL",private CIVIL,6,1,5
"455 PRESTIGE INSTITUTE OF MANAGEMENT AND RESEARCH, BHOPAL",Private CSE,18,|1 17
456,"PRESTIGE INSTITUTE OF MANAGEMENT AND RESEARCH, BHOPAL",Private CSEDS,6,0,6
"457 PRESTIGE INSTITUTE OF MANAGEMENT AND RESEARCH, BHOPAL",Private CSEIML,6,1,5
458,"PRESTIGE INSTITUTE OF MANAGEMENT AND RESEARCH, BHOPAL",Private EC,6,1,5
459,"PRESTIGE INSTITUTE OF MANAGEMENT AND RESEARCH, BHOPAL",Private ELECT ELEX,6,6,0
460,"PRESTIGE INSTITUTE OF MANAGEMENT AND RESEARCH, BHOPAL",private MECH,6,6,0
461,"PRESTIGE INSTITUTE OF MANAGEMENT AND RESEARCH, BHOPAL",Private MTENG,6,2,4
462,"PT. DEVPRABHAKAR SHASTRI COLLEGE OF TECHNOLOGY, Chhatarpur"
private CIVIL,33,12,/21
(2010)
"PT. DEVPRABHAKAR SHASTRI COLLEGE OF TECHNOLOGY, Chhatarpur"
463,private CSE,4,2,2
(2010)
"PT. DEVPRABHAKAR SHASTRI COLLEGE OF TECHNOLOGY, Chhatarpur"
464,private EC,28,28
(2010)
"PT. DEVPRABHAKAR SHASTRI COLLEGE OF TECHNOLOGY, Chhatarpur"
465,private Ee,20| 19,1
(2010)
"PT. DEVPRABHAKAR SHASTRI COLLEGE OF TECHNOLOGY, Chhatarpur"
466,private IT,33,33
(2010)
"PT. DEVPRABHAKAR SHASTRI COLLEGE OF TECHNOLOGY, Chhatarpur",34
467,private MECH,38,4
(2010)
468,"Radha Raman Institute of Technology, & Science, Bhopal (2003)",Private CIVIL,44 44,0
469,"Radha Raman Institute of Technology, & Science, Bhopal (2003)",Private CSE,118 26,92
470,"Radha Raman Institute of Technology, & Science, Bhopal (2003)",Private EC,22,8,14
471,"Radha Raman Institute of Technology, & Science, Bhopal (2003)",Private ELECT ELEX,57 50,7
"472 Radha Raman Institute of Technology, & Science, Bhopal (2003)",Private MECH,40| 39,1
"473 RADHARAMAN ENGINEERING COLLEGE, BHOPAL (2006)",Private |CIVIL,47 46,1
Page 15 of 28
"DIRECTORATE OF TECHNICAL EDUCATION, MADHYA PRADESH"
LATERAL ENTRY B.TECH
VACANCY AFTER ALLOTMENT - FIRST ROUND 2025
BASED ON QUALIFYING EXAM,DATE: 07.08.2025
INSTITUTE NAME,INSTITUTE TYPE,BRANCH,TOTAL SEATS,TOTAL ALLOTMENT,REMAINING SEAT
vi
474,"RADHARAMAN ENGINEERING COLLEGE, BHOPAL (2006)",Private CSE,77,5,72
475,"RADHARAMAN ENGINEERING COLLEGE, BHOPAL (2006)",25,24,1
476,"RADHARAMAN ENGINEERING COLLEGE, BHOPAL (2006)",Private,43,30,13
477,"Rajeev Gandhi Prodyogiki Mahavidhyalaya, Bhopal (2006)",Private,60฿,10,50
478,"Rajeev Gandhi Prodyogiki Mahavidhyalaya, Bhopal (2006)",Private CSE,28,5,23
479,"Rajeev Gandhi Prodyogiki Mahavidhyalaya, Bhopal (2006)",Private EC,6,0,6
480,"Rajeev Gandhi Prodyogiki Mahavidhyalaya, Bhopal (2006)",Private Ee,29,7,22
"481 Rajeev Gandhi Prodyogiki Mahavidhyalaya, Bhopal (2006)",Private,122,4,118
482,"Rewa Engineering College, Rewa (REC) 1964)",GOVT
483,"Rewa Engineering College, Rewa (REC) (1964)",GOVT,CSE,6
• 0
484,"Rewa Engineering College, Rewa (REC) (1964)",GOVT,EC,6
485,"Rewa Engineering College, Rewa (REC) (1964)",GOVT,EE,6
486,"Rewa Engineering College, Rewa (REC) 1964)",GOVT,6
487,"Rewa Institute of Technology, Rewa (2003)",Private,64,1,63
488,"Rewa Institute of Technology, Rewa (2003)",Private,CSE,125,2,123
489,"Rewa Institute of Technology, Rewa (2003)",Private,EC,131,3,128
490,"Rewa Institute of Technology, Rewa (2003)",Private,EE,65,4,61
491,"Rewa Institute of Technology, Rewa (2003)",Private,IT,12,1,11
492,"Rewa Institute of Technology, Rewa (2003)",Private,MECH,130,4,126
493,"Rustamji Institute of Technology, Tekanpur, Gwalior (1999)",S.F.I.,AUTO,12,0,12
494,"Rustamji Institute of Technology, Tekanpur, Gwalior (1999)",S.F.I.,CSE,9,8,1
495,"Rustamji Institute of Technology, Tekanpur, Gwalior (1999)",S.F.I.,EC,47,1,46
496,"Rustamji Institute of Technology, Tekanpur, Gwalior (1999)",S.F.I.,EE,17,0,17
497,"Rustamji Institute of Technology, Tekanpur, Gwalior (1999)",S.F.I.,16,0,16
498,"Rustamji Institute of Technology, Tekanpur, Gwalior (1999)",S.F.I.,MECH,16,1,15
499,"Sagar Institute of Research & Technology - Excellence, Bhopal (2008)",Private AlADS,6,0,6
500,"Sagar Institute of Research & Technology - Excellence, Bhopal (2008)",Private CIVIL,3,3,0
"501 Sagar Institute of Research & Technology - Excellence, Bhopal (2008)",Private sE,18,4,14
502,"Sagar Institute of Research & Technology - Excellence, Bhopal (2008) Private CSEITCS",47,47
503,"Sagar Institute of Research & Technology - Excellence, Bhopal (2008) Private MECH",31|,8,23
504,"Sagar Institute of Research & Technology, Bhopal (2003)",Private AIML,12,5,7
505,"Sagar Institute of Research & Technology, Bhopal (2003)",Private CIVIL,14,9,5
506,"Sagar Institute of Research & Technology, Bhopal (2003)",Private,ICSBS,6,6
507,"Sagar Institute of Research & Technology, Bhopal (2003)",Private,CSE,30 20,10
508,"Sagar Institute of Research & Technology, Bhopal (2003)",Private CSECS,12,2,10
509,"Sagar Institute of Research & Technology, Bhopal (2003)",Private,ICSIT,24,3,21
"510 Sagar Institute of Research & Technology, Bhopal (2003)",Private EC,6,2,4
"511 Sagar Institute of Research & Technology, Bhopal (2003)",Private ELECT ELEX,8,1
Page 16 of 28
"DIRECTORATE OF TECHNICAL EDUCATION, MADHYA PRADESH"
LATERAL ENTRY B.TECH
VACANCY AFTER ALLOTMENT - FIRST ROUND 2025
BASED ON QUALIFYING EXAM,DATE: 07.08.2025
2,INSTITUTE NAME,INSTITUTE TYPE,BRANCH,TOTAL SEATS,TOTAL ALLOTMENT,REMAINING SEAT
vi
"512 Sagar Institute of Research & Technology, Bhopal (2003)",Private MECH,5,1
513 Sagar Institute of Science & Technology (SISTEC) Bhopal (2007),Private CIVIL,16,3,13
514 Sagar Institute of Science & Technology (SISTEC) Bhopal (2007),Private CSE,34,2,32
515 Sagar Institute of Science & Technology (SISTEC) Bhopal (2007),Private SEAlADS,12,11
516 Sagar Institute of Science & Technology (SISTEC) Bhopal (2007),Private CSECS,6,6
517,Sagar Institute of Science & Technology (SISTEC) Bhopal (2007),Private CSIT,6,0,6
518,Sagar Institute of Science & Technology (SISTEC) Bhopal (2007),Private EC,16,1,15
519,Sagar Institute of Science & Technology (SISTEC) Bhopal (2007),Private ELECT ELEX,3,3,0
520,Sagar Institute of Science & Technology (SISTEC) Bhopal (2007),Private MECH,16,5,11
"Sagar Institute of Science Technology & Research, (SISTec-R), Bhopal"
521,Private CIVIL,10,2,8
(2009)
"Sagar Institute of Science Technology & Research, (SISTec-R), Bhopal",Private CSE,1,43
522,44
|(2009)
523,"Sagar Institute of Science Technology & Research, (SISTec-R), Bhopal",9,9
Private CSEIML
(2009)
"Sagar Institute of Science Technology & Research, (SISTec-R), Bhopal"
524,Private EC,11,11
(2009)
"Sagar Institute of Science Technology & Research, (SISTec-R), Bhopal"
525,Private MECH,16 5,11
1(2009)
"Sagar Institute of Science, Technology & Engineering(SiSTec-E), Bhopal Private CSE"
526,6
(2009)
527,"Sagar Institute of Science, Technology & Engineering(SiSTec-E), Bhopal Private CSEIOT",6,6
(2009)
528,"Sagar Institute of Science, Technology & Engineering(SiSTec-E), Bhopal Private EC",6,6
(2009)
529,"Sagar Institute of Science, Technology & Engineering(SISTec-E), Bhopal Private EE",31,31
(2009)
530,"Sagar Institute of Science, Technology & Engineering(SISTec-E), Bhopal Private MECH",6,6
(2009)
"531 Samrat Ashok Technological Institute, Vidisha (1960)",GOVT CIVIL,12,21
"3 samar Ashok technelseral natute, Viasha (49607.7",GOVT,CSEALADS,6,6,0
"Samrat Ashok Technological Institute, Vidisha (1960)",GOVT,CSE,12
534,"Samrat Ashok Technological Institute, Vidisha (1960)",GOVT,CSEBC,6,6,0
"535 Samrat Ashok Technological Institute, Vidisha (1960)",GOVT,"CSEIOT,",6,6,0
"536 Samrat Ashok Technological Institute, Vidisha (1960)",GOVT,lEc,8,0,8
Page 17 of 28
"DIRECTORATE OF TECHNICAL EDUCATION, MADHYA PRADESH"
LATERAL ENTRY B.TECH
VACANCY AFTER ALLOTMENT - FIRST ROUND 2025
BASED ON QUALIFYING EXAM,DATE: 07.08.2025
INSTITUTE NAME,INSTITUTE TYPE,BRANCH,TOTAL SEATS,TOTAL ALLOTMENT,REMAINING SEAT
vi
"537 Samrat Ashok Technological Institute, Vidisha (1960)",GOVT EE,35,12,23
"538 Samrat Ashok Technological Institute, Vidisha (1960)",GOVT EI,62,62
"539 Samrat Ashok Technological Institute, Vidisha (1960)",6,6
"540 Samrat Ashok Technological Institute, Vidisha (1960)",GOVT MECH,54,5,49
"541 Saraswati Institute of Engineering & Technology, Jabalpur (2008)",Private AGE,17,1,16
"542 Saraswati Institute of Engineering & Technology, Jabalpur (2008)",Private AlADS,6,6
543,"Saraswati Institute of Engineering & Technology, Jabalpur (2008)",private CIVIL,31,2,29
544,"Saraswati Institute of Engineering & Technology, Jabalpur (2008)",Private CSE,9,1,8
545,"Saraswati Institute of Engineering & Technology, Jabalpur (2008)",Private CSEIML,3,0
546,"Saraswati Institute of Engineering & Technology, Jabalpur (2008)",Private ELECT ELEX,27,2,25
547,"Saraswati Institute of Engineering & Technology, Jabalpur (2008)",private MECH,3,3,0
548,"SATPUDA COLLEGE OF ENGINEERING AND POLYTECHNIC, BALAGHAT Private CIVIL",59,13| 46
549,"SATPUDA COLLEGE OF ENGINEERING AND POLYTECHNIC, BALAGHAT Private CSE",113
550,"SATPUDA COLLEGE OF ENGINEERING AND POLYTECHNIC, BALAGHAT Private EE",56 19 37
551,"SATPUDA COLLEGE OF ENGINEERING AND POLYTECHNIC, BALAGHAT Private MECH",59| 12,47
"552 SATPUDA COLLEGE OF ENGINEERING AND POLYTECHNIC, BALAGHAT Private MINING",99 57,42
"School of Engineering and Technology, Vikram University, Ujjain"
553,30,30
|(2011)
"School of Engineering and Technology, Vikram University, Ujjain",41
554,5,36
(2011)
"School of Engineering and Technology, Vikram University, Ujjain"
555,S.F.I. EC,52,52
(2011)
"School of Engineering and Technology, Vikram University, Ujjain"
556,S.F.I.,ECS,13,3,10
(2011)
"School of Engineering and Technology, Vikram University, Ujjain",IS... EE,55 13 42
557
(2011)
"School of Engineering and Technology, Vikram University, Ujjain"
558,S.F.I. MECH,51,4,47
(2011)
"559 SCHOOL OF INFORMATION TECHNOLOGY, RGPV BHOPAL",IS.F.I.,6,6,0
"560 SCHOOL OF INFORMATION TECHNOLOGY, RGPV BHOPAL",S.F.I.,CSEDS,6,6,0
"561 SCHOOL OF INFORMATION TECHNOLOGY, RGPV BHOPAL",TS.F.I.,CSEIML,6,6,0
Page 18 of 28
"DIRECTORATE OF TECHNICAL EDUCATION, MADHYA PRADESH"
LATERAL ENTRY B.TECH
VACANCY AFTER ALLOTMENT - FIRST ROUND 2025
BASED ON QUALIFYING EXAM,DATE: 07.08.2025
INSTITUTE NAME,INSTITUTE TYPE,BRANCH,TOTAL SEATS,TOTAL ALLOTMENT,REMAINING SEAT
vi
562,"SENDHWA INSTITUTE OF PROFESSIONAL STUDIES, BARWANI",private CIVIL,31,1,30
563,"SENDHWA INSTITUTE OF PROFESSIONAL STUDIES, BARWANI",Private,ICSE,65,65
564,"SENDHWA INSTITUTE OF PROFESSIONAL STUDIES, BARWANI",Private EC,2,2
0 o
565,"SENDHWA INSTITUTE OF PROFESSIONAL STUDIES, BARWANI",Private EE
"566 SENDHWA INSTITUTE OF PROFESSIONAL STUDIES, BARWANI",Private FTS
"567 SENDHWA INSTITUTE OF PROFESSIONAL STUDIES, BARWANI",Private MECH,3
"568 Sha-Shib College of Technology, Bhopal (2009)",Private CIVIL,3,0,3
"569 Sha-Shib College of Technology, Bhopal (2009)",Private CSE,6,0,6
570,"Sha-Shib College of Technology, Bhopal (2009)",Private,EC,6,0,6
571,"Sha-Shib College of Technology, Bhopal 2009)",Private,MECH,6,1,5
572,"Shiv Kumar Singh Institute of Technology & Science, Indore (2007)",Private CIVIL,6,6,0
573,"Shiv Kumar Singh Institute of Technology & Science, Indore (2007)",Private CSE,63,1,62
574,"Shiv Kumar Singh Institute of Technology & Science, Indore (2007)",Private EC,3,0,3
575,"Shiv Kumar Singh Institute of Technology & Science, Indore (2007)",Private ELECT ELEX,3,2,1
576,"Shiv Kumar Singh Institute of Technology & Science, Indore (2007)",private FTS,53,19,34
577,"Shiv Kumar Singh Institute of Technology & Science, Indore (2007)",Private IT,3,3
578,"Shiv Kumar Singh Institute of Technology & Science, Indore (2007)",private MECH,6,4,2
Shivajirao Kadam Institute of Technology and Management-Technical
579,Private AIML,6,0,6
"Campus, Indore (2009)"
580,Shirao Kadam Institute of Technology and Management-Technical Private CIVIL,3,3
"Campus, Indore (2009)"
Shivajirao Kadam Institute of Technology and Management-Technical
581,Private CSE,24 2,22
"Campus, Indore (2009)"
Shivajirao Kadam Institute of Technology and Management-,6
582,Private CSIT
"Technical Campus, Indore (2009)"
Shivajirao Kadam Institute of Technology and Management-Technical
583,Private DS,6,0,6
"Campus, Indore (2009)"
Shivajirao Kadam Institute of Technology and Management-Technical
584,Private EC,3,1,2
"Campus, Indore (2009)"
Shivajirao Kadam Institute of Technology and Management-Technical
585,Private IT,6,0,6
"Campus, Indore (2009)"
Shivajirao Kadam Institute of Technology and Management-Technical
586,Private MECH,3,1,2
"Campus, Indore (2009)"
587,"Shreejee Institute of Technology and Management, Khargone (2010)",private CIVIL,5,1,4
Page 19 of 28
"DIRECTORATE OF TECHNICAL EDUCATION, MADHYA PRADESH"
LATERAL ENTRY B.TECH
VACANCY AFTER ALLOTMENT - FIRST ROUND 2025
BASED ON QUALIFYING EXAM,DATE: 07.08.2025
INSTITUTE NAME,INSTITUTE TYPE,BRANCH,TOTAL SEATS,TOTAL ALLOTMENT,REMAINING SEAT
vi
"588 Shreejee Institute of Technology and Management, Khargone (2010)",private CSE,5,3,2
"589 Shreejee Institute of Technology and Management, Khargone (2010)",private EC,5,0,5
"590 Shreejee Institute of Technology and Management, Khargone (2010)",private ELECT ELEX,5,5
"591 Shreejee Institute of Technology and Management, Khargone (2010) private MECH",3,1,2
592,"Shri Balaji Institute of Technology & Management, Betul (2009)",Private AlAIDS,26,0,26
593,"Shri Balaji Institute of Technology & Management, Betul (2009)",Private CIVIL,46 3,43
594,"Shri Balaji Institute of Technology & Management, Betul (2009)",Private CSE,6,3
595,"Shri Balaji Institute of Technology & Management, Betul (2009)",Private ELECT ELEX,51,2,49
596,"Shri Balaji Institute of Technology & Management, Betul (2009)",Private MECH,51,5,46
597,"Shri Dadaji Institute of Technology & Science, khandwa",Private CIVIL,58,8,50
598,"Shri Dadaji Institute of Technology & Science, khandwa",Private,CSE,9,1,8
599,"Shri Dadaji Institute of Technology & Science, khandwa",Private CEIL,19,1,18
600,"Shri Dadaji Institute of Technology & Science, khandwa",Private DS,3,2,1
601,"Shri Dadaji Institute of Technology & Science, khandwa",Private,EC,32,3,29
602,"Shri Dadaji Institute of Technology & Science, khandwa",Private ELECT ELEX,60,2,58
603,"Shri Dadaji Institute of Technology & Science, khandwa",Private MECH,53,7,46
604,"Shri G.S. Institute of Technology & Science, Indore (M.P.) (1952)",GOVT BEIL,3,3
"605 Shri G.S. Institute of Technology & Science, Indore (M.P.) (1952)",GOVT BM,6,6
606,"Shri G.S. Institute of Technology & Science, Indore (M.P.) (1952)",GOVT CIVIL,9,9,0
"607 Shri G.S. Institute of Technology & Science, Indore (M.P.) (1952)",GOVT CSE,12| 12
608,"Shri G.S. Institute of Technology & Science, Indore (M.P.) (1952)",GOVT EE,9,9,0
"609 Shri G.S. Institute of Technology & Science, Indore (MP.) 1952)",GOVT EI,9,9,0
Electronics and
610,"Shri G.S. Institute of Technology & Science, Indore (M.P.) (1952)",GOVT,Telecommunicati,9
ons
611,"Shri G.S. Institute of Technology & Science, Indore (M.P.) (1952)",GOVT,IP,9,7,2
Page 20 of 28
"DIRECTORATE OF TECHNICAL EDUCATION, MADHYA PRADESH"
LATERAL ENTRY B.TECH
VACANCY AFTER ALLOTMENT - FIRST ROUND 2025
BASED ON QUALIFYING EXAM,DATE: 07.08.2025
2,INSTITUTE NAME,INSTITUTE TYPE,BRANCH,TOTAL SEATS,TOTAL ALLOTMENT,REMAINING SEAT
vi
"612 Shri G.S. Institute of Technology & Science, Indore (M.P.) (1952)",GOVTIT,12,12
"613 Shri G.S. Institute of Technology & Science, Indore (M.P.) (1952)",GOVT,MECH,9,9,0
"614 Shri Guru Sandipani Institute of Technology & Science, Ujjain (2009)",Private CIVIL,47,6,41
"615 Shri Guru Sandipani Institute of Technology & Science, Ujjain (2009)",Private CSE,26,9,17
616,"Shri Guru Sandipani Institute of Technology & Science, Ujjain (2009)",Private EC,52,2,50
617,"Shri Guru Sandipani Institute of Technology & Science, Ujjain 2009)",Private MECH,53 14,39
618,"Shri Ram College of Engineering & Management, Banmore (1998)",Private AIML,0,6
619,"Shri Ram College of Engineering & Management, Banmore 1998)",Private CSE,12 1,11
620,"Shri Ram College of Engineering & Management, Banmore (1998)",Private EC,6,6
621,"Shri Ram College of Engineering & Management, Banmore (1998)",Private MECH,6,3,3
622,"SHRI RAM COLLEGE OF TECHNOLOGY, BHOPAL (2009)",private CIVIL,26,26
623,"SHRI RAM COLLEGE OF TECHNOLOGY, BHOPAL (2009)",Private CSE,27,0,27
624,"SHRI RAM COLLEGE OF TECHNOLOGY, BHOPAL (2009)",Private EC,30,0,30
625,"SHRI RAM COLLEGE OF TECHNOLOGY, BHOPAL (2009)",Private ELECT ELEX,60,0,60
626,"SHRI RAM COLLEGE OF TECHNOLOGY, BHOPAL (2009)",private MECH,59,59
"SHRI RAM GROUP OF INSTITUTION (FACULTY OF ENGINEERING,"
627,private CIVIL,24 1,23
"PHARMACY, MBA, MCA), JABALPUR (2009)"
"SHRI RAM GROUP OF INSTITUTION (FACULTY OF ENGINEERING,"
628,Private CSE,18,4,14
"PHARMACY, MBA, MCA), JABALPUR (2009)"
"SHRI RAM GROUP OF INSTITUTION (FACULTY OF ENGINEERING,"
629,Private SEALADS,25,1,24
"PHARMACY, MBA, MCA), JABALPUR (2009)"
"SHRI RAM GROUP OF INSTITUTION (FACULTY OF ENGINEERING,"
630,Private EC,7,7
"PHARMACY, MBA, MCA), JABALPUR (2009)"
"SHRI RAM GROUP OF INSTITUTION (FACULTY OF ENGINEERING,"
631,private EE,17,3,14
"PHARMACY, MBA, MCA), JABALPUR 2009)"
"SHRI RAM GROUP OF INSTITUTION (FACULTY OF ENGINEERING,"
632,Private MECH,21,17
"PHARMACY, MBA, MCA), JABALPUR (2009)"
"Shri Ram Institute of Information Technology, Banmore, Morena",Private AlAIDS,6,6
633,0
(2007)
"Shri Ram Institute of Information Technology, Banmore, Morena"
634,private CIVIL,6,4,2
(2007)
"Shri Ram Institute of Information Technology, Banmore, Morena"
635,Private CSE,12,6,6
(2007)
Page 21 of 28
"DIRECTORATE OF TECHNICAL EDUCATION, MADHYA PRADESH"
LATERAL ENTRY B.TECH
VACANCY AFTER ALLOTMENT - FIRST ROUND 2025
BASED ON QUALIFYING EXAM,DATE: 07.08.2025
INSTITUTE NAME,INSTITUTE TYPE,BRANCH,TOTAL SEATS,TOTAL ALLOTMENT,REMAINING SEAT
vi
"Shri Ram Institute of Information Technology, Banmore, Morena",Private EC,6,6
636,0
(2007)
"Shri Ram Institute of Information Technology, Banmore, Morena"
637,private MECH,6,5,1
(2007)
"638 Shri Ram Institute of Science & Technology, Jabalpur (2007)",private CIVIL,3,3
"639 Shri Ram Institute of Science & Technology, Jabalpur (2007)",Private CSE,18,2,16
"640 Shri Ram Institute of Science & Technology, Jabalpur (2007)",Private,CSEIML,12,12
"641 Shri Ram Institute of Science & Technology, Jabalpur (2007)",Private CSEITCS,6,0,6
642,"Shri Ram Institute of Science & Technology, Jabalpur (2007)",Private EC,3,0,3
643,"Shri Ram Institute of Science & Technology, Jabalpur (2007)",Private MECH,3,3
644,"Shri Ram Institute of Technology, Jabalpur (2001)",Private CEng,6,0,6
645,"Shri Ram Institute of Technology, Jabalpur (2001)",Private CIVIL,3,3
646,"Shri Ram Institute of Technology, Jabalpur (2001)",Private,/CSBS,3,3
647,"Shri Ram Institute of Technology, Jabalpur (2001)",Private CSE,24,6,18
648,"Shri Ram Institute of Technology, Jabalpur (2001)",Private CSEIML,6,2,4
649,"Shri Ram Institute of Technology, Jabalpur (2001)",Private EC,12,3,9
650,"Shri Ram Institute of Technology, Jabalpur (2001)",Private EE,3,3,0
651,"Shri Ram Institute of Technology, Jabalpur (2001)",Private MECH,6,1,5
SHRI RAMA KRISHNA COLLEGE OF ENGINEERING SCIENCE AND
652,Private CIVIL,58,4,54
"MANAGEMENT (SRKCESM), SATNA"
SHRI RAMA KRISHNA COLLEGE OF ENGINEERING SCIENCE AND
653,Private CSE,45,0,45
"MANAGEMENT (SRKCESM), SATNA"
SHRI RAMA KRISHNA COLLEGE OF ENGINEERING SCIENCE AND
654,Private CSEIML,56,1,55
"MANAGEMENT (SRKCESM), SATNA"
SHRI RAMA KRISHNA COLLEGE OF ENGINEERING SCIENCE AND
655,Private EE,55,2,53
"MANAGEMENT (SRKCESM), SATNA"
SHRI RAMA KRISHNA COLLEGE OF ENGINEERING SCIENCE AND
656,Private MECH,61,2,59
"MANAGEMENT (SRKCESM), SATNA"
SHRI RAMA KRISHNA COLLEGE OF ENGINEERING SCIENCE AND
657,Private MINING,61,16
"MANAGEMENT (SRKCESM), SATNA"
658,"Shri Rawatpura Sarkar Institute of Technology & Science, Datia (2002) private CIVIL",28,0,28
659,"Shri Rawatpura Sarkar Institute of Technology & Science, Datia (2002) Private CSE",6,6
660,"Shri Rawatpura Sarkar Institute of Technology & Science, Datia (2002) Private EC",19,0,19
"661 Shri Rawatpura Sarkar Institute of Technology & Science, Datia (2002) Private MECH",3,3
662,"Shri Yogendra Sagar Institute of Technology & Science, Ratlam (2008) Private CIVIL",22,22
663,"Shri Yogendra Sagar Institute of Technology & Science, Ratlam (2008) Private CSE",6,0,6
Page 22 of 28
"DIRECTORATE OF TECHNICAL EDUCATION, MADHYA PRADESH"
LATERAL ENTRY B.TECH
VACANCY AFTER ALLOTMENT - FIRST ROUND 2025
BASED ON QUALIFYING EXAM,DATE: 07.08.2025
2,INSTITUTE NAME,INSTITUTE TYPE,BRANCH,TOTAL SEATS,TOTAL ALLOTMENT,REMAINING SEAT
vi
"664 Shri Yogendra Sagar Institute of Technology & Science, Ratlam (2008)",Private EC,3,0,3
"665 Shri Yogendra Sagar Institute of Technology & Science, Ratlam (2008)",Private EE,24,8,16
"666 Shri Yogendra Sagar Institute of Technology & Science, Ratlam (2008) Private IT",9,1,8
"667 Shri Yogendra Sagar Institute of Technology & Science, Ratlam (2008) private MECH",28,1 27
"SRAJAN INSTITUTE OF TECH., MANAGEMENT & SCIENCE, RATLAM"
668,Private CIVIL,6,0,6
(2009)
"SRAJAN INSTITUTE OF TECH., MANAGEMENT & SCIENCE, RATLAM"
669,Private CSE,6,0,6
(2009)
"SRAJAN INSTITUTE OF TECH., MANAGEMENT & SCIENCE, RATLAM"
670,Private EV,6,2,4
(2009)
"SRAJAN INSTITUTE OF TECH., MANAGEMENT & SCIENCE, RATLAM"
671,Private IT,3,0,3
(2009)
"SRAJAN INSTITUTE OF TECH., MANAGEMENT & SCIENCE, RATLAM"
672,private MECH,6,4,2
(2009)
673,"Sri Aurobindo Institute of Technology, Indore (2009)",Private CIVIL,3,2,1
674,"Sri Aurobindo Institute of Technology, Indore 2009)",Private CSE,18,2,16
675,"Sri Aurobindo Institute of Technology, Indore (2009)",Private CSEIML,3,0
"676 Sri Aurobindo Institute of Technology, Indore (2009)",Private,EC,3,0,3
677,"Sri Aurobindo Institute of Technology, Indore (2009)",Private,ELECT ELEX,3,1,2
"678 Sri Aurobindo Institute of Technology, Indore (2009)",private,MECH,3,1,2
679,"Sri Parashuram Institute of Technology & Research, Khandwa (2013) Private CIVIL",32,32
680,"Sri Parashuram Institute of Technology & Research, Khandwa (2013)",Private CSE,29,0,29
681,"Sri Parashuram Institute of Technology & Research, Khandwa (2013)",Private ELECT ELEX,32,32
682,"Sri Parashuram Institute of Technology & Research, Khandwa (2013)",Private MECH,32,32
683,"ST. ALOYSIUS INSTITUTE OF TECHNOLOGY, JABALPUR (2009)",Private AIML,31,31
684,"ST. ALOYSIUS INSTITUTE OF TECHNOLOGY, JABALPUR (2009)",Private CIVIL,57,11,46
685,"ST. ALOYSIUS INSTITUTE OF TECHNOLOGY, JABALPUR (2009)",Private CSE,31,8,23
686,"ST. ALOYSIUS INSTITUTE OF TECHNOLOGY, JABALPUR (2009)",Private DS,3,0,3
687,"ST. ALOYSIUS INSTITUTE OF TECHNOLOGY, JABALPUR (2009)",Private ELECT ELEX,2,1,1
688,"ST. ALOYSIUS INSTITUTE OF TECHNOLOGY, JABALPUR (2009)",private,MECH,16,37
689,"Surabhi College of Engineering & Technology, Bhopal (2008)",Private,CIVIL,26,26,0
690,"Surabhi College of Engineering & Technology, Bhopal (2008)",Private,CSE,26,2,24
691,"Surabhi College of Engineering & Technology, Bhopal (2008)",Private ELECT ELEX,24 18,6
692,"Surabhi College of Engineering & Technology, Bhopal 2008)",Private MECH,31,3,28
693,"Sushila Devi Bansal College of Engineering, Indore (2006)",Private CIVIL,20,20
Page 23 of 28
"DIRECTORATE OF TECHNICAL EDUCATION, MADHYA PRADESH"
LATERAL ENTRY B.TECH
VACANCY AFTER ALLOTMENT - FIRST ROUND 2025
BASED ON QUALIFYING EXAM,DATE: 07.08.2025
INSTITUTE NAME,INSTITUTE TYPE,BRANCH,TOTAL SEATS,TOTAL ALLOTMENT,REMAINING SEAT
"694 Sushila Devi Bansal College of Engineering, Indore (2006)",Private CSE,18,1,17
695,"Sushila Devi Bansal College of Engineering, Indore (2006)",[Private,CSEDS,6,3
696,"Sushila Devi Bansal College of Engineering, Indore (2006)",Private CSEIML,6,5,1
697,"Sushila Devi Bansal College of Engineering, Indore (2006)",Private MECH,21,2,19
698,"Sushila Devi Bansal College of Technology, indore (2005)",Private CIVIL,16,7
"699 Sushila Devi Bansal College of Technology, indore (2005)",Private CSE,18,10,8
"700 Sushila Devi Bansal College of Technology, indore (2005)",Private EC,3,2,1
"701 Sushila Devi Bansal College of Technology, indore (2005)",Private iT,2,65
702,"Sushila Devi Bansal College of Technology, indore (2005)",Private MECH,52,14,38
703,"Swami Vivekanand College of Engineering, Indore (2004)",Private,CIVIL,47,47
704,"Swami Vivekanand College of Engineering, Indore (2004)",Private,CSE,18,5,13
705,"Swami Vivekanand College of Engineering, Indore (2004)",Private EC,18,18
706,"Swami Vivekanand College of Engineering, Indore (2004)",Private ELECT ELEX,55,55
707,"Swami Vivekanand College of Engineering, Indore (2004)",Private,IT,12,12
708,"Swami Vivekanand College of Engineering, Indore (2004)",Private,MECH,40,40
"SWAMI VIVEKANAND COLLEGE OF SCIENCE & TECHNOLOGY, BHOPAL"
709,Private CIVIL,32,2,30
(2006)
"SWAMI VIVEKANAND COLLEGE OF SCIENCE & TECHNOLOGY, BHOPAL"
710,Private SE,27,27
(2006)
"SWAMI VIVEKANAND COLLEGE OF SCIENCE & TECHNOLOGY, BHOPAL"
711,Private EC,3,0,3
|(2006)
"SWAMI VIVEKANAND COLLEGE OF SCIENCE & TECHNOLOGY, BHOPAL",2,2
712,Private IT
(2006)
"SWAMI VIVEKANAND COLLEGE OF SCIENCE & TECHNOLOGY, BHOPAL"
713,Private MECH,27,0,27
(2006)
714,"Synergy Institute of Technology, Dewas (2008)",private CIVIL,29,3,26
"715 Synergy Institute of Technology, Dewas (2008)",Private CSE,31,13,28
"716 Synergy Institute of Technology, Dewas (2008)",Private,TEc,6,4,2
"717 Synergy Institute of Technology, Dewas 2008)",private ELECT ELEX,28,16,/12
718,"Synergy Institute of Technology, Dewas (2008)",Private MECH,60 | 31,• 29
719,"Takshshila Institute of Engineering & Technology, Jabalpur (2004)",Private CIVIL,46| 17,' 29
720,"Takshshila Institute of Engineering & Technology, Jabalpur (2004)",Private CSE,45,6,39
721,"Takshshila Institute of Engineering & Technology, Jabalpur (2004)",Private EC,60 0 60
722,"Takshshila Institute of Engineering & Technology, Jabalpur (2004)",Private ELECT ELEX,41,1
723,"Takshshila Institute of Engineering & Technology, Jabalpur (2004)",Private MECH,70 18,52
724,"Technocrats Institute of Technology & Science, Bhopal (2007)",[Private CIVIL,27,10 | 17
725,"Technocrats Institute of Technology & Science, Bhopal (2007)",Private CSE,18,5,13
726,"Technocrats Institute of Technology & Science, Bhopal (2007)",Private SEAT,54,0,54
Page 24 of 28
"DIRECTORATE OF TECHNICAL EDUCATION, MADHYA PRADESH"
LATERAL ENTRY B.TECH
VACANCY AFTER ALLOTMENT - FIRST ROUND 2025
BASED ON QUALIFYING EXAM,DATE: 07.08.2025
INSTITUTE NAME,INSTITUTE TYPE,BRANCH,TOTAL SEATS,TOTAL ALLOTMENT,REMAINING SEAT
vi
"727 Technocrats Institute of Technology & Science, Bhopal (2007)",Private CSEIML,36,1,35
"728 Technocrats Institute of Technology & Science, Bhopal (2007)",[Private,EC,22,2,20
"729 Technocrats Institute of Technology & Science, Bhopal (2007)",Private ELECT ELEX,24,11,13
"730 Technocrats Institute of Technology & Science, Bhopal (2007)",Private MECH,17,14,3
"731 Technocrats Institute of Technology (Excellence), Bhopal (2007)",private CIVIL,3,3
"732 Technocrats Institute of Technology (Excellence), Bhopal (2007)",Private CSE,24 10 14
733,"Technocrats Institute of Technology (Excellence), Bhopal (2007)",Private CSEAI,6,0,6
734,"Technocrats Institute of Technology (Excellence), Bhopal (2007)",Private CSECS,28,28
735,"Technocrats Institute of Technology (Excellence), Bhopal (2007)",Private CSEIML,18 0 18
736,"Technocrats Institute of Technology (Excellence), Bhopal (2007)",Private EC,3,3,0
737,"Technocrats Institute of Technology (Excellence), Bhopal (2007)",private ELECT ELEX,19,5,14
738,"Technocrats Institute of Technology (Excellence), Bhopal (2007)",Private MECH,5,2,3
739,"TECHNOCRATS INSTITUTE OF TECHNOLOGY, BHOPAL (2000)",Private CIVIL,48,1,47
740,"TECHNOCRATS INSTITUTE OF TECHNOLOGY, BHOPAL (2000)",Private,CSE,24,7,17
741,"TECHNOCRATS INSTITUTE OF TECHNOLOGY, BHOPAL (2000)",Private,CSEAL,24,0,24
742,"TECHNOCRATS INSTITUTE OF TECHNOLOGY, BHOPAL (2000)",Private R,CSEAIADS,12,4,8
743,"TECHNOCRATS INSTITUTE OF TECHNOLOGY, BHOPAL (2000)",Private,CSEDS,115,115
744,"TECHNOCRATS INSTITUTE OF TECHNOLOGY, BHOPAL (2000)",Private,CSEIML,24,9,15
745,"TECHNOCRATS INSTITUTE OF TECHNOLOGY, BHOPAL (2000)",Private EC,23,19
746,"TECHNOCRATS INSTITUTE OF TECHNOLOGY, BHOPAL (2000)",Private,TELECT ELEX,42,3,39
747,"TECHNOCRATS INSTITUTE OF TECHNOLOGY, BHOPAL (2000)",Private IT,59,3,56
748,"TECHNOCRATS INSTITUTE OF TECHNOLOGY, BHOPAL (2000)",Private,MECH,40,1,39
TECHNOCRATS INSTITUTE OF TECHNOLOGY-COMPUTER SCIENCE AND
749,"ENGINEERING, BHOPAL (FORMERLY TECHNOCRATES INSTITUTE OF",Private CIVIL,63,8,55
"TECHNOLOGY-ADVANCE, BHOPAL (2008))"
TECHNOCRATS INSTITUTE OF TECHNOLOGY-COMPUTER SCIENCE AND
750,"ENGINEERING, BHOPAL (FORMERLY TECHNOCRATES INSTITUTE OF",Private CSE,105 0 105
"TECHNOLOGY-ADVANCE, BHOPAL (2008))"
TECHNOCRATS INSTITUTE OF TECHNOLOGY-COMPUTER SCIENCE AND
751,"ENGINEERING, BHOPAL (FORMERLY TECHNOCRATES INSTITUTE OF",Private CSEIML,25,25
"TECHNOLOGY-ADVANCE, BHOPAL (2008))"
Page 25 of 28
"DIRECTORATE OF TECHNICAL EDUCATION, MADHYA PRADESH"
LATERAL ENTRY B.TECH
VACANCY AFTER ALLOTMENT - FIRST ROUND 2025
BASED ON QUALIFYING EXAM,DATE: 07.08.2025
2,INSTITUTE NAME,INSTITUTE TYPE,BRANCH,TOTAL SEATS,TOTAL ALLOTMENT,REMAINING SEAT
vi
"Thakur Shiv Kumar Singh Memorial Engineering College, Burhanpur",Private CIVIL
752,59,3,56
(2011)
753,"Thakur Shiv Kumar Singh Memorial Engineering College, Burhanpur",(2011),Private CSE,9,8,1
754,"Thakur Shiv Kumar Singh Memorial Engineering College, Burhanpur",Private EC,3,3
(2011)
"Thakur Shiv Kumar Singh Memorial Engineering College, Burhanpur",Private EE
755,23,3,/20
(2011)
"Thakur Shiv Kumar Singh Memorial Engineering College, Burhanpur"
756,Private MECH,64,3,61
(2011)
"Truba Institute of Engineering & Information Technology, Bhopal",Private AlADS,39
757,0,39
(2001)
"Truba Institute of Engineering & Information Technology, Bhopal",Private CIVIL,40
758,57,17
(2001)
"Truba Institute of Engineering & Information Technology, Bhopal"
759,Private CSE,108 16 92
(2001)
"Truba Institute of Engineering & Information Technology, Bhopal"
760,Private EC,60,2,58
(2001)
"Truba Institute of Engineering & Information Technology, Bhopal"
761,Private ELECT ELEX,27,24,3
(2001)
"Truba Institute of Engineering & Information Technology, Bhopal"
762,Private IT,23,0,23
(2001)
"Truba Institute of Engineering & Information Technology, Bhopal"
763,Private MECH,27 | 23,4
(2001)
UJJAIN ENGINEERING COLLEGE (FORMERLY GOVT. ENGG. COLLEGE,6
764,GOVT CHEM,6
ESTB. IN 1966)
765 UJJAIN ENGINEERING COLLEGE (FORMERLY GOVT. ENGG. COLLEGE,GOVT CIVIL,3,0
ESTB. IN 1966)
766,UJJAIN ENGINEERING COLLEGE (FORMERLY GOVT. ENGG. COLLEGE,GOVT CSE,6,6,0
ESTB. IN 1966)
767 WAIN ENGINEERING COLLEGE (FORMERLY GOVT. ENGG. COLLEGE,GOVT EC,6,3,3
ESTB. IN 1966)
768,UJJAIN ENGINEERING COLLEGE (FORMERLY GOVT. ENGG. COLLEGE,ESTB. IN 1966),GOVT EE,6,6,0
769,UJJAIN ENGINEERING COLLEGE (FORMERLY GOVT. ENGG. COLLEGE,GOVT MECH,6,0
ESTB. IN 1966)
770,"University Institute of Technology Barkatullah University, Bhopal",(1997),S.F.I.,CIVIL,55 11,44
771,"University Institute of Technology Barkatullah University, Bhopal",(1997),S.F.I.,CSE,9,9,0
"(hivenity institute of Technolozy Barkatullah University, Bhopal",S.F.I.,lEC,42,2,40
Page 26 of 28
"DIRECTORATE OF TECHNICAL EDUCATION, MADHYA PRADESH"
LATERAL ENTRY B.TECH
VACANCY AFTER ALLOTMENT - FIRST ROUND 2025
BASED ON QUALIFYING EXAM,DATE: 07.08.2025
INSTITUTE NAME,INSTITUTE TYPE,BRANCH,TOTAL SEATS,TOTAL ALLOTMENT,REMAINING SEAT
"773 University Institute of Technology Barkatullah University, Bhopal",S.F.I. IT,11,11
(1997)
774,"University Institute of Technology Barkatullah University, Bhopal",(1997),S.F.I.,MECH,54,6,48
"775 University Institute of Technology RGPV, Bhopal (1986)",S.F.I.,AUTO,31,3,28
"776 University Institute of Technology RGPV, Bhopal (1986)",S.F.I.,CIVIL,6,0
"777 University Institute of Technology RGPV, Bhopal (1986)",S.F...,CSE,12,12
"778 University Institute of Technology RGPV, Bhopal (1986)",S.F.I.,EC,12 11,1
779,"University Institute of Technology RGPV, Bhopal (1986)",S.F.I.,ELECT ELEX,6
780,"University Institute of Technology RGPV, Bhopal (1986)",S.F.I.,IT,6
781,"University Institute of Technology RGPV, Bhopal (1986)",S.F.I.,MECH,6,0
782,"University Institute of Technology RGPV, Bhopal (1986)",S.F.I.,PCT,53,5,48
783,"UNIVERSITY INSTITUTE OF TECHNOLOGY RGPV, SHIVPURI",S.F.I.,CIVIL,47,3,44
784,"UNIVERSITY INSTITUTE OF TECHNOLOGY RGPV, SHIVPURI",|S.F.I.,CSE,6,6,0
785,"UNIVERSITY INSTITUTE OF TECHNOLOGY RGPV, SHIVPURI",S.F.I.,ELECT ELEX,27,5,22
786,"UNIVERSITY INSTITUTE OF TECHNOLOGY RGPV, SHIVPURI",S.F.I.,MECH,35,1,34
"UNIVERSITY INSTITUTE OF TECHNOLOGY, SHAHDOL (CONSTITUENT"
787,S.F.I.,MECH,19,13,6
COLLEGE OF RGPV)* (2015)
"UNIVERSITY INSTITUTE OF TECHNOLOGY, SHAHDOL (CONSTITUENT"
788,S.F.I.,MINING,6,6,0
COLLEGE OF RGPV)* (2015)
789,"Vaishnavi Institutes of Technology and Science, Raisen (2010)",private AIML,36,36
790,"Vaishnavi Institutes of Technology and Science, Raisen (2010)",private CIVIL,7,5,2
791,"Vaishnavi Institutes of Technology and Science, Raisen (2010)",private,CSE,98,3,95
792,"Vaishnavi Institutes of Technology and Science, Raisen 2010)",private EE,12,5,7
793,"Vaishnavi Institutes of Technology and Science, Raisen (2010)",private MECH,42,7,35
794,"Vidhyapeeth Institute of Science & Technology, Bhopal (2009)",private CIVIL,52,32,20
795,"Vidhyapeeth Institute of Science & Technology, Bhopal (2009)",Private CSE,43,8,35
"796 Vidhyapeeth Institute of Science & Technology, Bhopal (2009)",Private CSEIML,46,3,43
"797 Vidhyapeeth Institute of Science & Technology, Bhopal (2009)",Private EC,23,10 13
"798 Vidhyapeeth Institute of Science & Technology, Bhopal (2009)",[Private ELECT ELEX,49,18,31
"799 Vidhyapeeth Institute of Science & Technology, Bhopal (2009)",private MECH,90,17,' 73
800 Vikrant Institute of Technology & Management Indore (2007),Private,CIVIL,58,1,57
801 Vikrant Institute of Technology & Management Indore (2007),Private CsE,15,4,11
802,Vikrant Institute of Technology & Management Indore (2007),Private EC,64,1,63
803,Vikrant Institute of Technology & Management Indore (2007),Private ELECT ELEX,63,4,59
804,Vikrant Institute of Technology & Management Indore (2007),Private FTS,21,10,11
805 Vikrant Institute of Technology & Management Indore (2007),Private iT,24,1,23
806 Vikrant Institute of Technology & Management Indore (2007),Private MECH,119,12,117
"807 VINDHYA INSTITUTE OF TECHNOLOGY & SCIENCE, SATNA (2002)",Private CSE,12,12
808,"VINDHYA INSTITUTE OF TECHNOLOGY & SCIENCE, SATNA (2002)",Private EE,42,10,32
Page 27 of 28
"DIRECTORATE OF TECHNICAL EDUCATION, MADHYA PRADESH"
LATERAL ENTRY B.TECH
VACANCY AFTER ALLOTMENT - FIRST ROUND 2025
BASED ON QUALIFYING EXAM,DATE: 07.08.2025
INSTITUTE NAME,INSTITUTE TYPE,BRANCH,TOTAL SEATS,TOTAL ALLOTMENT,REMAINING SEAT
"809 VINDHYA INSTITUTE OF TECHNOLOGY & SCIENCE, SATNA (2002)",Private MECH,109,15 94
"810 VNS GROUP OF INSTITUTIONS, BHOPAL (2006)",Private AIML,6,6,0
811,"VNS GROUP OF INSTITUTIONS, BHOPAL 2006)",Private CIVIL,6,6,0
"812 VNS GROUP OF INSTITUTIONS, BHOPAL (2006)",Private CSE,w o
"813 VNS GROUP OF INSTITUTIONS, BHOPAL (2006)",Private EC,3
"814 VNS GROUP OF INSTITUTIONS, BHOPAL (2006)",Private ELECT ELEX,6
"815 VNS GROUP OF INSTITUTIONS, BHOPAL (2006)",Private MECH,6,0
"816 VNS GROUP OF INSTITUTIONS, BHOPAL (2006)",Private MINING,6,6,0
Page 28 of 28